# iterations;evaluations;p_advantages;m_advantages;p_dist_sup;p_dist_mean;m_dist_sup;m_dist_mean;alfa;beta;p_change;m_change;bound;w_current[0];w_current[1];w_target[0];w_target[1]
0.000000000000000000000000000000e+00;4.591069625855052904750408515611e-02;3.936758684969744737092156583458e-02;9.919565669673711103861146742844e-05;1.600000000000000088817841970013e+00;1.398650836020234544676554833131e+00;8.000000000000000444089209850063e-01;1.120166893948165709460340622172e-01;1.954640949327044168598588314012e-03;0.000000000000000000000000000000e+00;1.000000000000000000000000000000e+00;1.000000000000000000000000000000e+00;3.847474866630374727748467589272e-05;5.000000000000000000000000000000e-01;5.000000000000000000000000000000e-01;1.000000000000000000000000000000e+00;0.000000000000000000000000000000e+00
1.000000000000000000000000000000e+00;4.591079500496052234748134424080e-02;3.954722387560048735277717923964e-02;8.948106544066556072153373335709e-05;1.596872574481077000640993901470e+00;1.395688522145505983118596304848e+00;8.000000000000000444089209850063e-01;1.119722175182460699449649155213e-01;0.000000000000000000000000000000e+00;1.233235056090075678313089380111e-04;0.000000000000000000000000000000e+00;1.000000000000000000000000000000e+00;5.517559337885945223379174597771e-09;5.000616617528045315665963244101e-01;4.999383382471955239445549068478e-01;1.000000000000000000000000000000e+00;0.000000000000000000000000000000e+00
2.000000000000000000000000000000e+00;4.656699757378163218035638237779e-02;3.954660981092109062196016111557e-02;8.946999912505637750533005192466e-05;1.596872574481077000640993901470e+00;1.395688122229617356140352057992e+00;7.999013411955129271291298209690e-01;1.119583392143146949315735128039e-01;1.971551403732812145219721600142e-03;0.000000000000000000000000000000e+00;0.000000000000000000000000000000e+00;1.000000000000000000000000000000e+00;3.898408704279764352539777716444e-05;5.000616617528045315665963244101e-01;4.999383382471955239445549068478e-01;1.000000000000000000000000000000e+00;0.000000000000000000000000000000e+00
3.000000000000000000000000000000e+00;4.656707657101834263446704653688e-02;3.972507320837435212945720763855e-02;7.956488330918149440903336389042e-05;1.997385107548031557556100779038e+00;1.392701537708983083874159092375e+00;7.999013411955129271291298209690e-01;1.119130951157134845619367524705e-01;0.000000000000000000000000000000e+00;1.097284082838820214482120074528e-04;0.000000000000000000000000000000e+00;1.000000000000000000000000000000e+00;4.365264000404650461069116558098e-09;5.001165191909004992254494936788e-01;4.998834808090996117968529688369e-01;1.000000000000000000000000000000e+00;0.000000000000000000000000000000e+00
4.000000000000000000000000000000e+00;4.723259247115117742676915213451e-02;3.972452094109109321795614278017e-02;7.955614334890254049463542695975e-05;1.593724258115276182223851719755e+00;1.392701184044347062496171929524e+00;7.998135692945593788749647501390e-01;1.119007546639681494049511911726e-01;1.988588992712066096796297287597e-03;0.000000000000000000000000000000e+00;0.000000000000000000000000000000e+00;1.000000000000000000000000000000e+00;3.949787254210686314806477703598e-05;5.001165191909004992254494936788e-01;4.998834808090996117968529688369e-01;1.000000000000000000000000000000e+00;0.000000000000000000000000000000e+00
5.000000000000000000000000000000e+00;4.723265356791891966814489478566e-02;3.990175611271547240210821883011e-02;6.945896912547314745907389710311e-05;1.590554995598169929493792551511e+00;1.389690217006311456771072698757e+00;7.998135692945593788749647501390e-01;1.118547289885269135911727289567e-01;0.000000000000000000000000000000e+00;9.585178319311229338042790182328e-05;0.000000000000000000000000000000e+00;1.000000000000000000000000000000e+00;3.328883024715967186920859537396e-09;5.001644339139248440773144466220e-01;4.998355660860752669449880158936e-01;1.000000000000000000000000000000e+00;0.000000000000000000000000000000e+00
6.000000000000000000000000000000e+00;4.790757894959152968228366376024e-02;3.990126858201759052491297552478e-02;6.945232112372392392282693940331e-05;1.590554995598169929493792551511e+00;1.389689910096726155330770779983e+00;7.997369057377204937253623029392e-01;1.118439560108209218647346006037e-01;2.005753689143100534225672149091e-03;0.000000000000000000000000000000e+00;1.000000000000000000000000000000e+00;1.000000000000000000000000000000e+00;4.001605832993573462399300444403e-05;5.001644339139248440773144466220e-01;4.998355660860752669449880158936e-01;1.000000000000000000000000000000e+00;0.000000000000000000000000000000e+00
7.000000000000000000000000000000e+00;4.790762413416770060248239815337e-02;4.007722039867788604849963007837e-02;5.916159563685448026602170523702e-05;1.587364734047963965579697287467e+00;1.386654451619697914210860290041e+00;7.997369057377204937253623029392e-01;1.117971393651487066467353770349e-01;0.000000000000000000000000000000e+00;8.169153014066961857909954236590e-05;0.000000000000000000000000000000e+00;1.000000000000000000000000000000e+00;2.416500636569103424921213478104e-09;5.002052662461371479452054700232e-01;4.997947337538629630770969924924e-01;1.000000000000000000000000000000e+00;0.000000000000000000000000000000e+00
8.000000000000000000000000000000e+00;4.859205468182151155254189234256e-02;4.007680058108811782524583122722e-02;5.915678800108678699054554073200e-05;1.587364734047963965579697287467e+00;1.386654191899111987495984976704e+00;7.996715740061807187188946954848e-01;1.117879636822858291367310812348e-01;2.023045440436185577609551344835e-03;0.000000000000000000000000000000e+00;1.000000000000000000000000000000e+00;1.000000000000000000000000000000e+00;4.053859434142029416958327714404e-05;5.002052662461371479452054700232e-01;4.997947337538629630770969924924e-01;1.000000000000000000000000000000e+00;0.000000000000000000000000000000e+00
9.000000000000000000000000000000e+00;4.859208608704571746850220392844e-02;4.025141340513534171652310078571e-02;4.867106130456223843979562948547e-05;1.584153423060438825586970779113e+00;1.383594136119073114699062898580e+00;7.996715740061807187188946954848e-01;1.117403466365040065610969577392e-01;0.000000000000000000000000000000e+00;6.724563901020393357366861097901e-05;0.000000000000000000000000000000e+00;1.000000000000000000000000000000e+00;1.636458309365048791197912213605e-09;5.002388752623823098275579468464e-01;4.997611247376177456835932844115e-01;1.000000000000000000000000000000e+00;0.000000000000000000000000000000e+00
1.000000000000000000000000000000e+01;4.928611696044064849342447587333e-02;4.025106431260314088227403317433e-02;4.866782469471525509469023162978e-05;1.584153423060438825586970779113e+00;1.383593923947614046099374718324e+00;7.996177995801883042759072850458e-01;1.117327982595913704599865923228e-01;2.040464168275390229728705193679e-03;0.000000000000000000000000000000e+00;1.000000000000000000000000000000e+00;1.000000000000000000000000000000e+00;4.106542723240749949041236699365e-05;5.002388752623823098275579468464e-01;4.997611247376177456835932844115e-01;1.000000000000000000000000000000e+00;0.000000000000000000000000000000e+00
1.100000000000000000000000000000e+01;4.928613686876126553926269480144e-02;4.042428202219799926453447369568e-02;3.798569168485523505317258408098e-05;1.580921014763633669630848999077e+00;1.380509168166622169238166861760e+00;7.996177995801883042759072850458e-01;1.116843713494928558294105869209e-01;0.000000000000000000000000000000e+00;5.251219390704958461715129436342e-05;0.000000000000000000000000000000e+00;1.000000000000000000000000000000e+00;9.973560037242600677243937971742e-10;5.002651188154717543099536669615e-01;4.997348811845283567123487955541e-01;1.000000000000000000000000000000e+00;0.000000000000000000000000000000e+00
1.200000000000000000000000000000e+01;4.998986264277077706807972390379e-02;4.042400670007918750403774765800e-02;3.798373845999359938070683018196e-05;1.580921014763633669630848999077e+00;1.380509003826560610050933064485e+00;7.995758098952451264906926553522e-01;1.116784804709364115060665767487e-01;2.058009768377470124350869795649e-03;0.000000000000000000000000000000e+00;1.000000000000000000000000000000e+00;1.000000000000000000000000000000e+00;4.159650033285963564464934871800e-05;5.002651188154717543099536669615e-01;4.997348811845283567123487955541e-01;1.000000000000000000000000000000e+00;0.000000000000000000000000000000e+00
1.300000000000000000000000000000e+01;4.998987349134330349098576107281e-02;4.059577271459718916801762134128e-02;2.710384082173014088333606874670e-05;1.992066783125674866994359035743e+00;1.377399448622000255326724982297e+00;7.995758098952451264906926553522e-01;1.116292342002090376418266259861e-01;0.000000000000000000000000000000e+00;3.748937732878104703640453898572e-05;0.000000000000000000000000000000e+00;1.000000000000000000000000000000e+00;5.080530578125301775606592896847e-10;5.002838535649968276786125898070e-01;4.997161464350032278325386414508e-01;1.000000000000000000000000000000e+00;0.000000000000000000000000000000e+00
1.400000000000000000000000000000e+01;5.055454982110585415711057066801e-02;4.059557423951880295032168532998e-02;2.710286448599788186077097495996e-05;1.991995901943890867613617956522e+00;1.377399332313635538227458710026e+00;7.995458342960048980785359162837e-01;1.116250311843473286277372835684e-01;1.643947222741120456346308742468e-03;0.000000000000000000000000000000e+00;0.000000000000000000000000000000e+00;1.000000000000000000000000000000e+00;3.336849076331895659923085228904e-05;5.002838535649968276786125898070e-01;4.997161464350032278325386414508e-01;1.000000000000000000000000000000e+00;0.000000000000000000000000000000e+00
1.500000000000000000000000000000e+01;5.055455532619584912978893953550e-02;4.073063598472568408448424293056e-02;1.833883778032684196482304805897e-05;1.994539648810341070372942340327e+00;1.374917219211284402646811031445e+00;7.995458342960048980785359162837e-01;1.115854135907461408550034320797e-01;0.000000000000000000000000000000e+00;2.537674978948303635838297520610e-05;0.000000000000000000000000000000e+00;1.000000000000000000000000000000e+00;2.326900488906364308015563908117e-10;5.002965347366107318194394792954e-01;4.997034652633893792028629832203e-01;1.000000000000000000000000000000e+00;0.000000000000000000000000000000e+00
1.600000000000000000000000000000e+01;5.127589296402691732001954960651e-02;4.073050061830999629686189678068e-02;1.833840513787250909617798644291e-05;1.575073861826574939115630513697e+00;1.374917141055191249776612494315e+00;7.995255444214228734978178181336e-01;1.115825699414443594736923159871e-01;2.089776243178383466347902697180e-03;0.000000000000000000000000000000e+00;0.000000000000000000000000000000e+00;1.000000000000000000000000000000e+00;4.255881628245335515647873592116e-05;5.002965347366107318194394792954e-01;4.997034652633893792028629832203e-01;1.000000000000000000000000000000e+00;0.000000000000000000000000000000e+00
1.700000000000000000000000000000e+01;5.127589418157292577848949122199e-02;4.089952098441874961398667664980e-02;7.100847985349321208475847910790e-06;1.989580793715238549168589088367e+00;1.371762896782136476048208351131e+00;7.995255444214228734978178181336e-01;1.115318315429218165579783317298e-01;0.000000000000000000000000000000e+00;9.830916754063142678934754392639e-06;0.000000000000000000000000000000e+00;1.000000000000000000000000000000e+00;3.490392271361306291906058799811e-11;5.003014472797794320868547401915e-01;4.996985527202206234242964910663e-01;1.000000000000000000000000000000e+00;0.000000000000000000000000000000e+00
1.800000000000000000000000000000e+01;5.200718716902953675518261889010e-02;4.089946805098663290545246695729e-02;7.100793884087059845700018456682e-06;1.571782309888878570447445781610e+00;1.371762866798341473639766263659e+00;7.995176843523528198431904456811e-01;1.115307305829695699861403568320e-01;2.107675324289633167484936393521e-03;0.000000000000000000000000000000e+00;0.000000000000000000000000000000e+00;1.000000000000000000000000000000e+00;4.310139979381836421515328261478e-05;5.003014472797794320868547401915e-01;4.996985527202206234242964910663e-01;1.000000000000000000000000000000e+00;0.000000000000000000000000000000e+00
1.900000000000000000000000000000e+01;5.200718699557471680350317910779e-02;4.106687652377646879919836919726e-02;4.343288779439186206993150918265e-06;1.992117375774792753517772325722e+00;1.368583563803975833295112352062e+00;8.004823156476473799969539868471e-01;1.116136475946601924746914846764e-01;0.000000000000000000000000000000e+00;6.001566793576173396889197886317e-06;0.000000000000000000000000000000e+00;0.000000000000000000000000000000e+00;1.303326885679710384649175079701e-11;5.002984446872267287886870690272e-01;4.997015553127734377447666247463e-01;0.000000000000000000000000000000e+00;1.000000000000000000000000000000e+00
2.000000000000000000000000000000e+01;5.274852711954172712616184526269e-02;4.106690917499257464928774652435e-02;4.343274297673762858809642928293e-06;1.568469503099170880844326347869e+00;1.368583581941597238085250864970e+00;8.004775114995629214931227579655e-01;1.116129804054565022308764810077e-01;2.125700642151248740546742865831e-03;0.000000000000000000000000000000e+00;0.000000000000000000000000000000e+00;1.000000000000000000000000000000e+00;4.364797760222436230452547345493e-05;5.002984446872267287886870690272e-01;4.997015553127734377447666247463e-01;0.000000000000000000000000000000e+00;1.000000000000000000000000000000e+00
2.100000000000000000000000000000e+01;5.274852862604191561235467133884e-02;4.123264768401503632677673749640e-02;1.599848304198575577560192950699e-05;1.991283851617309696990787415416e+00;1.365379134229017132895478425780e+00;8.004775114995629214931227579655e-01;1.115604777282715731612228182712e-01;0.000000000000000000000000000000e+00;2.211741086224434783380314584189e-05;0.000000000000000000000000000000e+00;1.000000000000000000000000000000e+00;1.769225113061239091949387584432e-10;5.002873793809718971914435314829e-01;4.997126206190283248531613935484e-01;0.000000000000000000000000000000e+00;1.000000000000000000000000000000e+00
2.200000000000000000000000000000e+01;5.350000678261751518860478427086e-02;4.123276909367153131302785595835e-02;1.599817960782937381440660384868e-05;1.565135406469238432691781781614e+00;1.365379200339080556503290608816e+00;8.004598070095552131419935903978e-01;1.115580198084420715520792555253e-01;2.143851965271912751037630684436e-03;0.000000000000000000000000000000e+00;0.000000000000000000000000000000e+00;1.000000000000000000000000000000e+00;4.419847652753533973502692022706e-05;5.002873793809718971914435314829e-01;4.997126206190283248531613935484e-01;0.000000000000000000000000000000e+00;1.000000000000000000000000000000e+00
2.300000000000000000000000000000e+01;5.350001321970424689178358335084e-02;4.139677924637225059356637757446e-02;2.785666796056287738969636791353e-05;1.561779987852162543404688221926e+00;1.362149525718049813960419669456e+00;8.004598070095552131419935903978e-01;1.115046532246327520843109937232e-01;0.000000000000000000000000000000e+00;3.853111951066751035338206476943e-05;0.000000000000000000000000000000e+00;1.000000000000000000000000000000e+00;5.366743011787153064190719162110e-10;5.002681027481672426659997654497e-01;4.997318972518329238674539283238e-01;0.000000000000000000000000000000e+00;1.000000000000000000000000000000e+00
2.400000000000000000000000000000e+01;5.426171934694903886686745408952e-02;4.139699260770193789404913786711e-02;2.785569664693292703597227166767e-05;1.561779987852162543404688221926e+00;1.362149639549110835545775444189e+00;8.004289643970678991280465197633e-01;1.115003728234774255101413586999e-01;2.162129035170119468328708833837e-03;0.000000000000000000000000000000e+00;0.000000000000000000000000000000e+00;1.000000000000000000000000000000e+00;4.475281984291758837369440415799e-05;5.002681027481672426659997654497e-01;4.997318972518329238674539283238e-01;0.000000000000000000000000000000e+00;1.000000000000000000000000000000e+00
2.500000000000000000000000000000e+01;5.426173415020757451188160302991e-02;4.155921572100844396668861691069e-02;3.991810009723728157500499680310e-05;1.989600804498469877046318288194e+00;1.358894659747948763239833169791e+00;8.004289643970678991280465197633e-01;1.114461345453337803856896925936e-01;0.000000000000000000000000000000e+00;5.524551653746918004764601684009e-05;0.000000000000000000000000000000e+00;1.000000000000000000000000000000e+00;1.102648029533135979467949019299e-09;5.002404651784236877531952814024e-01;4.997595348215764787802584123710e-01;0.000000000000000000000000000000e+00;1.000000000000000000000000000000e+00
2.600000000000000000000000000000e+01;5.503375715979520743648123470848e-02;4.155952424388417720813038158667e-02;3.991606256367608430817017772796e-05;1.558403217993880041092324972851e+00;1.358894820941686232274037138268e+00;8.003847442854782334720198377909e-01;1.114399997582964235709468425739e-01;2.180531566268417448944960668200e-03;0.000000000000000000000000000000e+00;0.000000000000000000000000000000e+00;1.000000000000000000000000000000e+00;4.531092724644353195119148014491e-05;5.002404651784236877531952814024e-01;4.997595348215764787802584123710e-01;0.000000000000000000000000000000e+00;1.000000000000000000000000000000e+00
2.700000000000000000000000000000e+01;5.503378395504864017961921263122e-02;4.171990137682864141499550214576e-02;5.218292867190628468547497487151e-05;1.555005070584069892802858703362e+00;1.355614461719278684981304650137e+00;8.003847442854782334720198377909e-01;1.113848821038943004424481841852e-01;0.000000000000000000000000000000e+00;7.226339792970044417341063391902e-05;0.000000000000000000000000000000e+00;1.000000000000000000000000000000e+00;1.885457869877569456967553529285e-09;5.002043161026279438630126605858e-01;4.997956838973722226704410331877e-01;0.000000000000000000000000000000e+00;1.000000000000000000000000000000e+00
2.800000000000000000000000000000e+01;5.581621166286099278153187697171e-02;4.172030828484959985580360353197e-02;5.217940667555633830858308197520e-05;1.555005070584069892802858703362e+00;1.355614669806046279632028017659e+00;8.003269057642050654521881369874e-01;1.113768608832655104823317060436e-01;2.199059245810350542854605393472e-03;0.000000000000000000000000000000e+00;0.000000000000000000000000000000e+00;1.000000000000000000000000000000e+00;4.587271483592834909158442169286e-05;5.002043161026279438630126605858e-01;4.997956838973722226704410331877e-01;0.000000000000000000000000000000e+00;1.000000000000000000000000000000e+00
2.900000000000000000000000000000e+01;5.581625427145256446159748975333e-02;4.187878027221197951845965690154e-02;6.465119243043534373940883774878e-05;1.980352538900531644827651689411e+00;1.352308861063886480380347165919e+00;8.003269057642050654521881369874e-01;1.113208562832328357705691246338e-01;0.000000000000000000000000000000e+00;8.958753039627118228051955162172e-05;0.000000000000000000000000000000e+00;1.000000000000000000000000000000e+00;2.895970333508401266051678280477e-09;5.001595040332548203210194515123e-01;4.998404959667454572347367047769e-01;0.000000000000000000000000000000e+00;1.000000000000000000000000000000e+00
3.000000000000000000000000000000e+01;5.643702452383397849544621749374e-02;4.187928879967784540072628374219e-02;6.464574733902600641929914182526e-05;1.980352538900531644827651689411e+00;1.352309115458239174856203135278e+00;8.002552064532080233760780174634e-01;1.113109164492116498479390429566e-01;1.737553971438066677604461496287e-03;0.000000000000000000000000000000e+00;0.000000000000000000000000000000e+00;1.000000000000000000000000000000e+00;3.638376228744098799710096625581e-05;5.001595040332548203210194515123e-01;4.998404959667454572347367047769e-01;0.000000000000000000000000000000e+00;1.000000000000000000000000000000e+00
3.100000000000000000000000000000e+01;5.643708233307318661298168649409e-02;4.200216301654702277801334275864e-02;7.456728418480569890898490559294e-05;1.548889558720011105918956673122e+00;1.349699464193269582423795327486e+00;8.002552064532080233760780174634e-01;1.112663831238143719026822964224e-01;0.000000000000000000000000000000e+00;1.033881651336707418716368001022e-04;0.000000000000000000000000000000e+00;1.000000000000000000000000000000e+00;3.854687345434024267559749505263e-09;5.001077934598586738346170932346e-01;4.998922065401416037211390630546e-01;0.000000000000000000000000000000e+00;1.000000000000000000000000000000e+00
3.200000000000000000000000000000e+01;5.723829108142809013459739730934e-02;4.200275348339176095802116606137e-02;7.456001104099308895295505905665e-05;1.548889558720011105918956673122e+00;1.349699754406487928193314473901e+00;8.001724695357741445889132592129e-01;1.112549164665206091751059602757e-01;2.232428873976370718029693662743e-03;0.000000000000000000000000000000e+00;0.000000000000000000000000000000e+00;1.000000000000000000000000000000e+00;4.688407983141768122859263656643e-05;5.001077934598586738346170932346e-01;4.998922065401416037211390630546e-01;0.000000000000000000000000000000e+00;1.000000000000000000000000000000e+00
3.300000000000000000000000000000e+01;5.723837202351186176363384561228e-02;4.215768050895146029644067198205e-02;8.739799640807238787637567511979e-05;1.545431772946523896195003544562e+00;1.346348372360225198463012930006e+00;8.001724695357741445889132592129e-01;1.111973118346070710238393530744e-01;0.000000000000000000000000000000e+00;1.212658636594954135717178145271e-04;0.000000000000000000000000000000e+00;1.000000000000000000000000000000e+00;5.299196758267187831365685392760e-09;5.000471474563619178610451854183e-01;4.999528525436384152058622021286e-01;0.000000000000000000000000000000e+00;1.000000000000000000000000000000e+00
3.400000000000000000000000000000e+01;5.805022369525462966333151371146e-02;4.215837838244240742824331391603e-02;8.738796547663944098115196279508e-05;1.545431772946523896195003544562e+00;1.346348707535057975803738372633e+00;8.000754359301793794401191917132e-01;1.111838688554536713759546273650e-01;2.251303224854065559989990674694e-03;0.000000000000000000000000000000e+00;1.000000000000000000000000000000e+00;1.000000000000000000000000000000e+00;4.745564660350525503082139144873e-05;5.000471474563619178610451854183e-01;4.999528525436384152058622021286e-01;0.000000000000000000000000000000e+00;1.000000000000000000000000000000e+00
3.500000000000000000000000000000e+01;5.805033216359514747217929198086e-02;4.231123463093826309044942490800e-02;1.004316411991777659596519756136e-04;1.977154504553181313397658414033e+00;1.342971703354610912839461889234e+00;8.000754359301793794401191917132e-01;1.111253568648396805595979230930e-01;0.000000000000000000000000000000e+00;1.394573586722629545200935474725e-04;0.000000000000000000000000000000e+00;1.000000000000000000000000000000e+00;7.002965704378877169652008427255e-09;4.999774122019660649307581934409e-01;5.000225877980342126249979628483e-01;0.000000000000000000000000000000e+00;1.000000000000000000000000000000e+00
3.600000000000000000000000000000e+01;5.887290978390616325022222099506e-02;4.231204315833937690261024044958e-02;1.004183545404597750587416538082e-04;1.541952537412297541408179313294e+00;1.342972082559504176657583229826e+00;7.999638595231459703427390195429e-01;1.111099050772919594187726488599e-01;2.270301294855909396419590962068e-03;0.000000000000000000000000000000e+00;0.000000000000000000000000000000e+00;1.000000000000000000000000000000e+00;4.803054318518850524227098430785e-05;4.999774122019660649307581934409e-01;5.000225877980342126249979628483e-01;0.000000000000000000000000000000e+00;1.000000000000000000000000000000e+00
3.700000000000000000000000000000e+01;5.887305038725779149366701403778e-02;4.246276893665400231636652961242e-02;1.136678114818972162511356849279e-04;1.975692836514505223988180659944e+00;1.339569402832790689927833227557e+00;7.999638595231459703427390195429e-01;1.110504786475867144979190470622e-01;0.000000000000000000000000000000e+00;1.579652930974886990839189948588e-04;0.000000000000000000000000000000e+00;1.000000000000000000000000000000e+00;8.977784578243992052571143566535e-09;4.998984331235054590081290371018e-01;5.001015668764947630364758879296e-01;0.000000000000000000000000000000e+00;1.000000000000000000000000000000e+00
3.800000000000000000000000000000e+01;5.952150384723851883617129487902e-02;4.246369136349997797097444163228e-02;1.136507489558848842722132976846e-04;1.975692836514505223988180659944e+00;1.339569825003339653690659361018e+00;7.998374929976088676397694143816e-01;1.110329854781008929176522315174e-01;1.782750036062420023741381669424e-03;0.000000000000000000000000000000e+00;1.000000000000000000000000000000e+00;1.000000000000000000000000000000e+00;3.785107365481153246988474392332e-05;4.998984331235054590081290371018e-01;5.001015668764947630364758879296e-01;0.000000000000000000000000000000e+00;1.000000000000000000000000000000e+00
3.900000000000000000000000000000e+01;5.952167282742802656425595841938e-02;4.257962444071507202014714721372e-02;1.241173679550524450426046696450e-04;1.535709165495747319241104378307e+00;1.336900578265817651768543328217e+00;7.998374929976088676397694143816e-01;1.109860418608407672813598310313e-01;0.000000000000000000000000000000e+00;1.726145566035542332217200822697e-04;0.000000000000000000000000000000e+00;1.000000000000000000000000000000e+00;1.071223221818078446753616349155e-08;4.998121433771250399225039018347e-01;5.001878566228752376332522544544e-01;0.000000000000000000000000000000e+00;1.000000000000000000000000000000e+00
4.000000000000000000000000000000e+01;6.036354336989623037279528716681e-02;4.258063786927632210499439224805e-02;1.240969880130491135271364466774e-04;1.535709165495747319241104378307e+00;1.336901033090443613460251981451e+00;7.996994294034001082849272279418e-01;1.109669353536818225958171524326e-01;2.304418846512750005534053698852e-03;0.000000000000000000000000000000e+00;0.000000000000000000000000000000e+00;1.000000000000000000000000000000e+00;4.906181220124743673884418204700e-05;4.998121433771250399225039018347e-01;5.001878566228752376332522544544e-01;0.000000000000000000000000000000e+00;1.000000000000000000000000000000e+00
4.100000000000000000000000000000e+01;6.036375323382082297429818140699e-02;4.272742757972571026048314024592e-02;1.377120671977093233767641677900e-04;1.532170248352016539428177566151e+00;1.333452534725972693507856092765e+00;7.996994294034001082849272279418e-01;1.109058662234622127940042446426e-01;0.000000000000000000000000000000e+00;1.916927440629340487990989183587e-04;0.000000000000000000000000000000e+00;1.000000000000000000000000000000e+00;1.319920202585403244834598879710e-08;4.997163330158451155504906182614e-01;5.002836669841551620052655380277e-01;0.000000000000000000000000000000e+00;1.000000000000000000000000000000e+00
4.200000000000000000000000000000e+01;6.121657286949339776827017090000e-02;4.272856066785311185407536527237e-02;1.376869295651596378400605136250e-04;1.532170248352016539428177566151e+00;1.333453030280134177232298497984e+00;7.995461328253522514941664667276e-01;1.108846601903335366001712714024e-01;2.323758581411016540391178963887e-03;0.000000000000000000000000000000e+00;1.000000000000000000000000000000e+00;1.000000000000000000000000000000e+00;4.964542976163246654729144236029e-05;4.997163330158451155504906182614e-01;5.002836669841551620052655380277e-01;0.000000000000000000000000000000e+00;1.000000000000000000000000000000e+00
4.300000000000000000000000000000e+01;6.121682885131801699074571843084e-02;4.287305381398358317124319682989e-02;1.515074906985132332376542407815e-04;1.528609854589225935939111877815e+00;1.329978732436718935616681847023e+00;7.995461328253522514941664667276e-01;1.108226577510118826541685166376e-01;0.000000000000000000000000000000e+00;2.110945389692302166708554045371e-04;0.000000000000000000000000000000e+00;1.000000000000000000000000000000e+00;1.599120194969379568118886356543e-08;4.996108456269117148451641696738e-01;5.003891543730885071994407553575e-01;0.000000000000000000000000000000e+00;1.000000000000000000000000000000e+00
4.400000000000000000000000000000e+01;6.208067476773927034772171396071e-02;4.287430978359600686200536756587e-02;1.514770111028523750032470651661e-04;1.528609854589225935939111877815e+00;1.329979267263148079436518855800e+00;7.993773530030587881611836564844e-01;1.107993194441706796826707659420e-01;2.343220219433565527228369163026e-03;0.000000000000000000000000000000e+00;1.000000000000000000000000000000e+00;1.000000000000000000000000000000e+00;5.023197478959024755117146465722e-05;4.996108456269117148451641696738e-01;5.003891543730885071994407553575e-01;0.000000000000000000000000000000e+00;1.000000000000000000000000000000e+00
4.500000000000000000000000000000e+01;6.208098233610444272034811774574e-02;4.301644669039444979219410924998e-02;1.655027441900473836756263468217e-04;1.981256996267581449444605823373e+00;1.326479134772865720037771097850e+00;7.993773530030587881611836564844e-01;1.107363772068734875109186077680e-01;0.000000000000000000000000000000e+00;2.308224406676505021957651608844e-04;0.000000000000000000000000000000e+00;1.000000000000000000000000000000e+00;1.910087367557027729971686369915e-08;4.994955242321401089888865953981e-01;5.005044757678601685668695608911e-01;0.000000000000000000000000000000e+00;1.000000000000000000000000000000e+00
4.600000000000000000000000000000e+01;6.295592999472036932484542148813e-02;4.301782874782192345186615511921e-02;1.654663144369820850388547173182e-04;1.525027985070326996819289888663e+00;1.326479707264520913057026518800e+00;7.991928387714242187911395376432e-01;1.107108738415741866489838685084e-01;2.362803215146831899151624867272e-03;0.000000000000000000000000000000e+00;0.000000000000000000000000000000e+00;1.000000000000000000000000000000e+00;5.082133203699472129202113768187e-05;4.994955242321401089888865953981e-01;5.005044757678601685668695608911e-01;0.000000000000000000000000000000e+00;1.000000000000000000000000000000e+00
4.700000000000000000000000000000e+01;6.295629485762078980659595117686e-02;4.315754984279654427048456000193e-02;1.796967979122787522315574104681e-04;1.521424644044014007349119310675e+00;1.322953710045971842390599704231e+00;7.991928387714242187911395376432e-01;1.106469854916516115661551111771e-01;0.000000000000000000000000000000e+00;2.508789072674954038176531323501e-04;0.000000000000000000000000000000e+00;1.000000000000000000000000000000e+00;2.254106814985021830033550698826e-08;4.993702113408357567969630963489e-01;5.006297886591645207587930599402e-01;0.000000000000000000000000000000e+00;1.000000000000000000000000000000e+00
4.800000000000000000000000000000e+01;6.384241791700792645336548503110e-02;4.315906117489458349023578875858e-02;1.796537854515634861224393503676e-04;1.521424644044014007349119310675e+00;1.322954318441647902915292434045e+00;7.989923381453373218974434166739e-01;1.106192842601828457693713403387e-01;2.382506996412380069483294420252e-03;0.000000000000000000000000000000e+00;0.000000000000000000000000000000e+00;1.000000000000000000000000000000e+00;5.141338260388813718049921819286e-05;4.993702113408357567969630963489e-01;5.006297886591645207587930599402e-01;0.000000000000000000000000000000e+00;1.000000000000000000000000000000e+00
4.900000000000000000000000000000e+01;6.384284602657151752591602189568e-02;4.329630703027409488470311771380e-02;1.940884840052037839386311901535e-04;1.971116292257759639028336096089e+00;1.319402431606228942584380092740e+00;7.989923381453373218974434166739e-01;1.105544436647513534266451529220e-01;0.000000000000000000000000000000e+00;2.712663543582237413685775972993e-04;0.000000000000000000000000000000e+00;1.000000000000000000000000000000e+00;2.632483773950302463173322314871e-08;4.992347490041302293661829025950e-01;5.007652509958701037007244849519e-01;0.000000000000000000000000000000e+00;1.000000000000000000000000000000e+00
5.000000000000000000000000000000e+01;6.453331122662819829827185458271e-02;4.329795080045427402293256591292e-02;1.940382315072824753916791440389e-04;1.971116292257759639028336096089e+00;1.319403073986206598178227977769e+00;7.987755984066083891903531366552e-01;1.105245117507987484550824319740e-01;1.849843951893032165806340927361e-03;0.000000000000000000000000000000e+00;0.000000000000000000000000000000e+00;1.000000000000000000000000000000e+00;4.004722620879121202557351932860e-05;4.992347490041302293661829025950e-01;5.007652509958701037007244849519e-01;0.000000000000000000000000000000e+00;1.000000000000000000000000000000e+00
5.100000000000000000000000000000e+01;6.453379228987110582949071613257e-02;4.340197938903217478312512866978e-02;2.052992935853943721850878301183e-04;1.514992146332364120198121781868e+00;1.316648527534032941943564765097e+00;7.987755984066083891903531366552e-01;1.104738973607873875337759272952e-01;0.000000000000000000000000000000e+00;2.872221781261493646873750318349e-04;0.000000000000000000000000000000e+00;1.000000000000000000000000000000e+00;2.948325513567839122170850525533e-08;4.990913577121249833368210602202e-01;5.009086422878753497300863273267e-01;0.000000000000000000000000000000e+00;1.000000000000000000000000000000e+00
5.200000000000000000000000000000e+01;6.543989292497034981899162175978e-02;4.340372735829875483481998799107e-02;2.052429976114599505330332585018e-04;1.514992146332364120198121781868e+00;1.316649194688837676281423227920e+00;7.985461723393999511344532038493e-01;1.104422241382542746457318116882e-01;2.417709171776327627817471110916e-03;0.000000000000000000000000000000e+00;1.000000000000000000000000000000e+00;1.000000000000000000000000000000e+00;5.246879486171901973111386663362e-05;4.990913577121249833368210602202e-01;5.009086422878753497300863273267e-01;0.000000000000000000000000000000e+00;1.000000000000000000000000000000e+00
5.300000000000000000000000000000e+01;6.544044838757712145849154694588e-02;4.353644895794094027419163239756e-02;2.200368190879918009385945998346e-04;1.511329335925007288921051440411e+00;1.313051388838336608344548039895e+00;7.985461723393999511344532038493e-01;1.103756856543625930466845375122e-01;0.000000000000000000000000000000e+00;3.082030217505830546609324471774e-04;1.000000000000000000000000000000e+00;1.000000000000000000000000000000e+00;3.390800626965273052088856143259e-08;4.989375362475484965152361382934e-01;5.010624637524518920628224805114e-01;0.000000000000000000000000000000e+00;1.000000000000000000000000000000e+00
5.400000000000000000000000000000e+01;6.635791879896595080179366732409e-02;4.353833489823230595838765566441e-02;2.199720570623861482482952478534e-04;1.511329335925007288921051440411e+00;1.313052086176642374582002048555e+00;7.983000579960775056065358512569e-01;1.103417236446313509645733574871e-01;2.437744806095606866364056131147e-03;0.000000000000000000000000000000e+00;1.000000000000000000000000000000e+00;1.000000000000000000000000000000e+00;5.306767488210846879731832914651e-05;4.989375362475484965152361382934e-01;5.010624637524518920628224805114e-01;0.000000000000000000000000000000e+00;1.000000000000000000000000000000e+00
5.500000000000000000000000000000e+01;6.635855531360870807056073772401e-02;4.366841761361571483401888826847e-02;2.349679909245366957355749537584e-04;1.976911275171513882042972909403e+00;1.309428349074201580748422202305e+00;7.983000579960775056065358512569e-01;1.102742169683308820493650159733e-01;0.000000000000000000000000000000e+00;3.295213370775945606501455831250e-04;0.000000000000000000000000000000e+00;1.000000000000000000000000000000e+00;3.871348326994471091513062518431e-08;4.987731256834859738802379069966e-01;5.012268743165143591866694805503e-01;0.000000000000000000000000000000e+00;1.000000000000000000000000000000e+00
5.600000000000000000000000000000e+01;6.707480171267540813850871472823e-02;4.367044460210274536837715686488e-02;2.348940347373024216219572490871e-04;1.953822550343027764085945818806e+00;1.309429074214889077154566621175e+00;7.980370010935775582083806511946e-01;1.102379334081681067081248670547e-01;1.896609871127007389962626504598e-03;0.000000000000000000000000000000e+00;0.000000000000000000000000000000e+00;1.000000000000000000000000000000e+00;4.141289815442660075502437355688e-05;4.987731256834859738802379069966e-01;5.012268743165143591866694805503e-01;0.000000000000000000000000000000e+00;1.000000000000000000000000000000e+00
5.700000000000000000000000000000e+01;6.707550553284397087949741944612e-02;4.376904603659001469218026159069e-02;2.466103173073503425534458433077e-04;1.525961253349640056597991133458e+00;1.306613271878278581539234437514e+00;7.980370010935775582083806511946e-01;1.101851440710697599412171143740e-01;0.000000000000000000000000000000e+00;3.462423217731839131944271414909e-04;0.000000000000000000000000000000e+00;1.000000000000000000000000000000e+00;4.269346441885931397986712193537e-08;4.986004293184112534653706916288e-01;5.013995706815890240903854646604e-01;0.000000000000000000000000000000e+00;1.000000000000000000000000000000e+00
5.800000000000000000000000000000e+01;6.800025106064830349161809408542e-02;4.377118402979503913874381737514e-02;2.465287462863504069215947467342e-04;1.525961253349640056597991133458e+00;1.306614016747249751304593701207e+00;7.977606869094580055445931066060e-01;1.101470454126287357166091851468e-01;2.439242431262337359315628404488e-03;0.000000000000000000000000000000e+00;0.000000000000000000000000000000e+00;1.000000000000000000000000000000e+00;5.338426467603422519332678763959e-05;4.986004293184112534653706916288e-01;5.013995706815890240903854646604e-01;0.000000000000000000000000000000e+00;1.000000000000000000000000000000e+00
5.900000000000000000000000000000e+01;6.800104702488632413270863708021e-02;4.389473623997380835604076310119e-02;2.616655803458292368218751633435e-04;1.522239063912007361878409028577e+00;1.302995231710035728411867239629e+00;7.977606869094580055445931066060e-01;1.100787779224417783918710256330e-01;0.000000000000000000000000000000e+00;3.678623576444863961694420328996e-04;0.000000000000000000000000000000e+00;1.000000000000000000000000000000e+00;4.812845865021476324341632969071e-08;4.984170129889596290162501190935e-01;5.015829870110406485395060371957e-01;0.000000000000000000000000000000e+00;1.000000000000000000000000000000e+00
6.000000000000000000000000000000e+01;6.893702366359877320434179637232e-02;4.389701859321942789549098051793e-02;2.615736112169363006621503053850e-04;1.522239063912007361878409028577e+00;1.302995999429827023163852572907e+00;7.974672207823354508349211755558e-01;1.100383328883696026911920284874e-01;2.459045532319216031263975352772e-03;0.000000000000000000000000000000e+00;1.000000000000000000000000000000e+00;1.000000000000000000000000000000e+00;5.397238372689489515569155608787e-05;4.984170129889596290162501190935e-01;5.015829870110406485395060371957e-01;0.000000000000000000000000000000e+00;1.000000000000000000000000000000e+00
6.100000000000000000000000000000e+01;6.893791895206904940529568648344e-02;4.401784846232162373702578861412e-02;2.769039982500656727447407856602e-04;1.955527076798849961392079421785e+00;1.299351994918837904791075743560e+00;7.974672207823354508349211755558e-01;1.099691101796207992613574333518e-01;0.000000000000000000000000000000e+00;3.898168933077520662694448461139e-04;0.000000000000000000000000000000e+00;1.000000000000000000000000000000e+00;5.397092817116789277541997246063e-08;4.982227216173845674163089825015e-01;5.017772783826157656505984050455e-01;0.000000000000000000000000000000e+00;1.000000000000000000000000000000e+00
6.200000000000000000000000000000e+01;6.988518436023993807282295165351e-02;4.402027805356546058535016641144e-02;2.768008515911263441554301945047e-04;1.518495808742772901211992575554e+00;1.299352782696859831546021268878e+00;7.971563545878153078660943720024e-01;1.099262870709946937619605478176e-01;2.478960425105787481608876632322e-03;0.000000000000000000000000000000e+00;0.000000000000000000000000000000e+00;1.000000000000000000000000000000e+00;5.456226359847080682654446581736e-05;4.982227216173845674163089825015e-01;5.017772783826157656505984050455e-01;0.000000000000000000000000000000e+00;1.000000000000000000000000000000e+00
6.300000000000000000000000000000e+01;6.988618641404813203177326386140e-02;4.413833052130512746291657322217e-02;2.923235157501954126560428370851e-04;1.975851392358448199715326154546e+00;1.295683569505482912731508804427e+00;7.971563545878153078660943720024e-01;1.098561045992965390372120282336e-01;0.000000000000000000000000000000e+00;4.121079823221251623409366882100e-04;0.000000000000000000000000000000e+00;1.000000000000000000000000000000e+00;6.023442713056152187601154611440e-08;4.980174000568317604908941120812e-01;5.019825999431685170648620442080e-01;0.000000000000000000000000000000e+00;1.000000000000000000000000000000e+00
6.400000000000000000000000000000e+01;7.062703956324448140158267506195e-02;4.414091017959674567716632509473e-02;2.922083860469486043739961722565e-04;1.958562623034710403757685526216e+00;1.295684374371786296009645411687e+00;7.968278400909309944211145193549e-01;1.098108718057383137445270904209e-01;1.932689517011110160588094331047e-03;0.000000000000000000000000000000e+00;0.000000000000000000000000000000e+00;1.000000000000000000000000000000e+00;4.265533718771782146833224103055e-05;4.980174000568317604908941120812e-01;5.019825999431685170648620442080e-01;0.000000000000000000000000000000e+00;1.000000000000000000000000000000e+00
6.500000000000000000000000000000e+01;7.062812952463619342591272243226e-02;4.423032797890978640165116075877e-02;3.043515094651068342290756163493e-04;1.972706225741992058786422603589e+00;1.292827569353226735415773873683e+00;7.968278400909309944211145193549e-01;1.097558998578044980876100567002e-01;0.000000000000000000000000000000e+00;4.296334303516170381904981656618e-04;0.000000000000000000000000000000e+00;1.000000000000000000000000000000e+00;6.537979152209324490762157051221e-08;4.978034351328705642281136078964e-01;5.021965648671297133276425483928e-01;0.000000000000000000000000000000e+00;1.000000000000000000000000000000e+00
6.600000000000000000000000000000e+01;7.137521743058157508432515214736e-02;4.423302570063551708567928244520e-02;3.042265351722153515420798974844e-04;1.956347902556491380465786278364e+00;1.292828385288781634088195460208e+00;7.964854962125930137872842351499e-01;1.097087804374107522509262935273e-01;1.943198516867810417968476244255e-03;0.000000000000000000000000000000e+00;0.000000000000000000000000000000e+00;1.000000000000000000000000000000e+00;4.297677496902534328721695588982e-05;4.978034351328705642281136078964e-01;5.021965648671297133276425483928e-01;0.000000000000000000000000000000e+00;1.000000000000000000000000000000e+00
6.700000000000000000000000000000e+01;7.137639996495055705327814621342e-02;4.432065567017530460791618907024e-02;3.164723887848790075810745392459e-04;1.508866276687895968677821656456e+00;1.289958776145053720441069344815e+00;7.964854962125930137872842351499e-01;1.096532774435957230396709860543e-01;0.000000000000000000000000000000e+00;4.473539924363090745929039115936e-04;0.000000000000000000000000000000e+00;1.000000000000000000000000000000e+00;7.078759330938571007954941780721e-08;4.975807407787153358036391637143e-01;5.024192592212849417521169925749e-01;0.000000000000000000000000000000e+00;1.000000000000000000000000000000e+00
6.800000000000000000000000000000e+01;7.235271848514299164456531343603e-02;4.432347299927023864807296149593e-02;3.163370674172322552508695991946e-04;1.508866276687895968677821656456e+00;1.289959601170441505502139989403e+00;7.961291852459446705125856169616e-01;1.096042540734846748584629949619e-01;2.530255698621206375542591615613e-03;0.000000000000000000000000000000e+00;1.000000000000000000000000000000e+00;1.000000000000000000000000000000e+00;5.607486006954336127524815558409e-05;4.975807407787153358036391637143e-01;5.024192592212849417521169925749e-01;0.000000000000000000000000000000e+00;1.000000000000000000000000000000e+00
6.900000000000000000000000000000e+01;7.235402794615225507968148122018e-02;4.443421366189143767444491572860e-02;3.323403525164588196219583871027e-04;1.505048459192849019672166832606e+00;1.286226149240553340291626227554e+00;7.961291852459446705125856169616e-01;1.095316165442158096166025416096e-01;0.000000000000000000000000000000e+00;4.705166702986695757490731573114e-04;0.000000000000000000000000000000e+00;1.000000000000000000000000000000e+00;7.818583803596514212113456404260e-08;4.973466207453594023490950348787e-01;5.026533792546408196955098901526e-01;0.000000000000000000000000000000e+00;1.000000000000000000000000000000e+00
7.000000000000000000000000000000e+01;7.334182217079163179640488579025e-02;4.443718802139146051288776106958e-02;3.321908757708573662649487179266e-04;1.505048459192849019672166832606e+00;1.286226982963803999737706362794e+00;7.957545931925751325763940258184e-01;1.094801033931471212490293964947e-01;2.550562440578886883035814037157e-03;0.000000000000000000000000000000e+00;1.000000000000000000000000000000e+00;1.000000000000000000000000000000e+00;5.666991136615153428065724816598e-05;4.973466207453594023490950348787e-01;5.026533792546408196955098901526e-01;0.000000000000000000000000000000e+00;1.000000000000000000000000000000e+00
7.100000000000000000000000000000e+01;7.334326695220469427560772146535e-02;4.454495955242275539998075828407e-02;3.483809071886412333553251219342e-04;1.501209739121580621912244168925e+00;1.282468404543513296189871653041e+00;7.957545931925751325763940258184e-01;1.094064919667734059327557361030e-01;0.000000000000000000000000000000e+00;4.940228989498864206261763420969e-04;0.000000000000000000000000000000e+00;1.000000000000000000000000000000e+00;8.605407285406191181826581837813e-08;4.971009201259958820706685855839e-01;5.028990798740043954850875707052e-01;0.000000000000000000000000000000e+00;1.000000000000000000000000000000e+00
7.200000000000000000000000000000e+01;7.434258371288779421171000194590e-02;4.454809356415567744846839559614e-02;3.482163747145166190002929518243e-04;1.501209739121580621912244168925e+00;1.282469243338410613830546935787e+00;7.953614722015933669041487519280e-01;1.093524578644169825691889741393e-01;2.570977535780760367400965549223e-03;0.000000000000000000000000000000e+00;0.000000000000000000000000000000e+00;1.000000000000000000000000000000e+00;5.726607390765186633794364690075e-05;4.971009201259958820706685855839e-01;5.028990798740043954850875707052e-01;0.000000000000000000000000000000e+00;1.000000000000000000000000000000e+00
7.300000000000000000000000000000e+01;7.434417248345454032332213500922e-02;4.465284331340271806176644986408e-02;3.645913192943219319208658646403e-04;1.497350162605803891580080744461e+00;1.278685575414343356115409733320e+00;7.953614722015933669041487519280e-01;1.092778690894882082096373210334e-01;0.000000000000000000000000000000e+00;5.178745129826475531234497573507e-04;0.000000000000000000000000000000e+00;1.000000000000000000000000000000e+00;9.440627595862397618332894667914e-08;4.968434842290823660881926571165e-01;5.031565157709179114675634991727e-01;0.000000000000000000000000000000e+00;1.000000000000000000000000000000e+00
7.400000000000000000000000000000e+01;7.535505603122419349126914767112e-02;4.465613953106260802794480468947e-02;3.644108034865064030261017080647e-04;1.497350162605803891580080744461e+00;1.278686415462789049968250765232e+00;7.949495747665318301500292363926e-01;1.092212830271413886995546249636e-01;2.591500167594342970978082973943e-03;0.000000000000000000000000000000e+00;0.000000000000000000000000000000e+00;1.000000000000000000000000000000e+00;5.786319653943254717525998542804e-05;4.968434842290823660881926571165e-01;5.031565157709179114675634991727e-01;0.000000000000000000000000000000e+00;1.000000000000000000000000000000e+00
7.500000000000000000000000000000e+01;7.535679773714237805748439313902e-02;4.475781550277928982906061605718e-02;3.809687028419840235105020553874e-04;1.539767158702325389185716630891e+00;1.274877700999875740350830710668e+00;7.949495747665318301500292363926e-01;1.091457137121596698836611949446e-01;0.000000000000000000000000000000e+00;5.420732967034877459663877452556e-04;0.000000000000000000000000000000e+00;1.000000000000000000000000000000e+00;1.032564803452028405246289929735e-07;4.965741586436406285187672438042e-01;5.034258413563595935258376812271e-01;0.000000000000000000000000000000e+00;1.000000000000000000000000000000e+00
7.600000000000000000000000000000e+01;7.634845657298473808882732782877e-02;4.476127640766221216228615276123e-02;3.807712486458618927030739254036e-04;1.539767158702325389185716630891e+00;1.274878538289137219763347275148e+00;7.945186538298252276746325151180e-01;1.090865448593903580531971897472e-01;2.533588565459333249302309454265e-03;0.000000000000000000000000000000e+00;0.000000000000000000000000000000e+00;1.000000000000000000000000000000e+00;5.670332904090880706427652002688e-05;4.965741586436406285187672438042e-01;5.034258413563595935258376812271e-01;0.000000000000000000000000000000e+00;1.000000000000000000000000000000e+00
7.700000000000000000000000000000e+01;7.635035544286472575237212367938e-02;4.485691782365158752909906070272e-02;3.970052731157610974299654316155e-04;1.967972695004700955934140438330e+00;1.271160163837922629781473915500e+00;7.945186538298252276746325151180e-01;1.090123027376339454042053489502e-01;0.000000000000000000000000000000e+00;5.658895115520048329019187072220e-04;0.000000000000000000000000000000e+00;1.000000000000000000000000000000e+00;1.123305600435241863141696866575e-07;4.962931525355564477131053990888e-01;5.037068474644438298426507572003e-01;0.000000000000000000000000000000e+00;1.000000000000000000000000000000e+00
7.800000000000000000000000000000e+01;7.713233792631130070205358606472e-02;4.486054078020706992191435347195e-02;3.967904493979616071738791838186e-04;1.967972695004700955934140438330e+00;1.271160994429137547356845061586e+00;7.940690440568904939766525785672e-01;1.089505992359419833670486355004e-01;1.992518528511059549418460434822e-03;0.000000000000000000000000000000e+00;0.000000000000000000000000000000e+00;1.000000000000000000000000000000e+00;4.469272935179427648499927983039e-05;4.962931525355564477131053990888e-01;5.037068474644438298426507572003e-01;0.000000000000000000000000000000e+00;1.000000000000000000000000000000e+00
7.900000000000000000000000000000e+01;7.713436574642421050818086314393e-02;4.493315112616158568670243766974e-02;4.095831696062133360156098937921e-04;1.945176793820711180771354520402e+00;1.268241103268037184292893471138e+00;7.940690440568904939766525785672e-01;1.088919843318418845257156135631e-01;0.000000000000000000000000000000e+00;5.847939968974581476796048562505e-04;0.000000000000000000000000000000e+00;1.000000000000000000000000000000e+00;1.197608894079734758159711763975e-07;4.960029232792523279371721400821e-01;5.039970767207478941074327849492e-01;0.000000000000000000000000000000e+00;1.000000000000000000000000000000e+00
8.000000000000000000000000000000e+01;7.793074513077169473973526692134e-02;4.493690219097133675685284970314e-02;4.093541193880745245742280857826e-04;1.945176793820711180771354520402e+00;1.268241925747999099272078638023e+00;7.936046772468037246994754241314e-01;1.088282813288031503073938210946e-01;2.023948394752618420294743017962e-03;0.000000000000000000000000000000e+00;1.000000000000000000000000000000e+00;1.000000000000000000000000000000e+00;4.547498552728593767223441712844e-05;4.960029232792523279371721400821e-01;5.039970767207478941074327849492e-01;0.000000000000000000000000000000e+00;1.000000000000000000000000000000e+00
8.100000000000000000000000000000e+01;7.793290880993852809410782356281e-02;4.500834911597526716287021031349e-02;4.223721904709105425500259567428e-04;1.529703460929578318072685760853e+00;1.265279209908991786548426716763e+00;7.936046772468037246994754241314e-01;1.087685291303880918967195157165e-01;0.000000000000000000000000000000e+00;6.040916359838792350916980566922e-04;0.000000000000000000000000000000e+00;1.000000000000000000000000000000e+00;1.275757537678335214289588759803e-07;4.957032920618757998454384505749e-01;5.042967079381244221991664744564e-01;0.000000000000000000000000000000e+00;1.000000000000000000000000000000e+00
8.200000000000000000000000000000e+01;7.895287359261082826833444414660e-02;4.501223085116336231070732765147e-02;4.221281752052033400118835615444e-04;1.529703460929578318072685760853e+00;1.265280021544346933382030329085e+00;7.931252672990012353437805359135e-01;1.087027895994754633779422192674e-01;2.584009631762224524359483623925e-03;0.000000000000000000000000000000e+00;1.000000000000000000000000000000e+00;1.000000000000000000000000000000e+00;5.815601903325545084201195211726e-05;4.957032920618757998454384505749e-01;5.042967079381244221991664744564e-01;0.000000000000000000000000000000e+00;1.000000000000000000000000000000e+00
8.300000000000000000000000000000e+01;7.895521793497434215325370132632e-02;4.510011620085021405435199426393e-02;4.387858706365584744897578861611e-04;1.525750692452796375420120966737e+00;1.261501282377899713083024835214e+00;7.931252672990012353437805359135e-01;1.086261734550768298657175137123e-01;0.000000000000000000000000000000e+00;6.287693286520359753008491132675e-04;0.000000000000000000000000000000e+00;1.000000000000000000000000000000e+00;1.379475486510740060717077970845e-07;4.953916090357154411449869257922e-01;5.046083909642847808996179992391e-01;0.000000000000000000000000000000e+00;1.000000000000000000000000000000e+00
8.400000000000000000000000000000e+01;7.998622701787372335502368514426e-02;4.510416546580661018017721630713e-02;4.385219919934223403550077602375e-04;1.525750692452796375420120966737e+00;1.261502076293089968928029520612e+00;7.926265744571446836275185887644e-01;1.085578259928792199673353024991e-01;2.603769868507888572695119222544e-03;0.000000000000000000000000000000e+00;0.000000000000000000000000000000e+00;1.000000000000000000000000000000e+00;5.872043349203066278825524637597e-05;4.953916090357154411449869257922e-01;5.046083909642847808996179992391e-01;0.000000000000000000000000000000e+00;1.000000000000000000000000000000e+00
8.500000000000000000000000000000e+01;7.998876163004023376323914362729e-02;4.518894880107295064508576842854e-02;4.553418519277650441945404224953e-04;1.636115263979272427263822464738e+00;1.257700009421032438794441077334e+00;7.926265744571446836275185887644e-01;1.084802781084217709883787961189e-01;0.000000000000000000000000000000e+00;6.537822596973043472179387691767e-04;0.000000000000000000000000000000e+00;1.000000000000000000000000000000e+00;1.488472124440448307260462896748e-07;4.950677307901250046029417717364e-01;5.049322692098752174416631532949e-01;0.000000000000000000000000000000e+00;1.000000000000000000000000000000e+00
8.600000000000000000000000000000e+01;8.095782930948224043188332643695e-02;4.519316757914818710739623952577e-02;4.550570941148479988183628286436e-04;1.636115263979272427263822464738e+00;1.257700780995128164718721563986e+00;7.921083692641999185468648647657e-01;1.084092946362518045111400510905e-01;2.440276544584520177633146786889e-03;0.000000000000000000000000000000e+00;1.000000000000000000000000000000e+00;1.000000000000000000000000000000e+00;5.514191340943645189319813337825e-05;4.950677307901250046029417717364e-01;5.049322692098752174416631532949e-01;0.000000000000000000000000000000e+00;1.000000000000000000000000000000e+00
8.700000000000000000000000000000e+01;8.096054979169563237118012466453e-02;4.526921661757465215059070828829e-02;4.708473456399809241833265271993e-04;1.935804752559762809127619220817e+00;1.254142917380844490793379009119e+00;7.921083692641999185468648647657e-01;1.083363170294475846811010910642e-01;0.000000000000000000000000000000e+00;6.773863458111395799421394769979e-04;0.000000000000000000000000000000e+00;1.000000000000000000000000000000e+00;1.594727814489707014437754875255e-07;4.947323786690360769568997056922e-01;5.052676213309641450877052193391e-01;0.000000000000000000000000000000e+00;1.000000000000000000000000000000e+00
8.800000000000000000000000000000e+01;8.178536596336652420013990649750e-02;4.527359481179111383442048577308e-02;4.705422279952847699341367260217e-04;1.935804752559762809127619220817e+00;1.254143663852085754939480466419e+00;7.915718058704575010864346040762e-01;1.082628561974886133301154700348e-01;2.072018506930864596704555680162e-03;0.000000000000000000000000000000e+00;1.000000000000000000000000000000e+00;1.000000000000000000000000000000e+00;4.690386316266019099208497977749e-05;4.947323786690360769568997056922e-01;5.052676213309641450877052193391e-01;0.000000000000000000000000000000e+00;1.000000000000000000000000000000e+00
8.900000000000000000000000000000e+01;8.178825003922701730729727387370e-02;4.533559634961456530355405902810e-02;4.839649082460253481756395910196e-04;1.628740901856512435230683877307e+00;1.251127242321367960542488617648e+00;7.915718058704575010864346040762e-01;1.082006807054070596230133105564e-01;0.000000000000000000000000000000e+00;6.976033276490175997000542373883e-04;0.000000000000000000000000000000e+00;1.000000000000000000000000000000e+00;1.688077652288894316131515884946e-07;4.943872517153808376910717470309e-01;5.056127482846193288423819467425e-01;0.000000000000000000000000000000e+00;1.000000000000000000000000000000e+00
9.000000000000000000000000000000e+01;8.277508276560974209701271320228e-02;4.534011026535586519337073241331e-02;4.836418977070265938153492690788e-04;1.628740901856512435230683877307e+00;1.251127964257299440831161518872e+00;7.910196027446092514878728252370e-01;1.081251114684403519250466274570e-01;2.472215520354171039429935774479e-03;0.000000000000000000000000000000e+00;0.000000000000000000000000000000e+00;1.000000000000000000000000000000e+00;5.604526214629112769146160322187e-05;4.943872517153808376910717470309e-01;5.056127482846193288423819467425e-01;0.000000000000000000000000000000e+00;1.000000000000000000000000000000e+00
9.100000000000000000000000000000e+01;8.277816901850890141112415676616e-02;4.541105550814993063735158784766e-02;4.996789264109938524804910287003e-04;1.624714303320307307032521748624e+00;1.247533050937513987577176521881e+00;7.910196027446092514878728252370e-01;1.080506519553229571872776659802e-01;0.000000000000000000000000000000e+00;7.217576190253149025222167978200e-04;0.000000000000000000000000000000e+00;1.000000000000000000000000000000e+00;1.803235361017621990466187290730e-07;4.940304239497063099051388235239e-01;5.059695760502939121394661015074e-01;0.000000000000000000000000000000e+00;1.000000000000000000000000000000e+00
9.200000000000000000000000000000e+01;8.377464684988525367437262048043e-02;4.541573168122412657021769177845e-02;4.993338389528510085080270641811e-04;1.624714303320307307032521748624e+00;1.247533739692594290104921128659e+00;7.904486783195299182125381776132e-01;1.079725614229551794442940604313e-01;2.489628243135617348402721660250e-03;0.000000000000000000000000000000e+00;1.000000000000000000000000000000e+00;1.000000000000000000000000000000e+00;5.653414413812230681927878395143e-05;4.940304239497063099051388235239e-01;5.059695760502939121394661015074e-01;0.000000000000000000000000000000e+00;1.000000000000000000000000000000e+00
9.300000000000000000000000000000e+01;8.377794442413143138903564022257e-02;4.548385913227258325886026568696e-02;5.155023456526690696713477457536e-04;1.958020165123513400828869635006e+00;1.243918854920272876185549648653e+00;7.904486783195299182125381776132e-01;1.078972947019244538191529159121e-01;0.000000000000000000000000000000e+00;7.462105648002870239565709198359e-04;0.000000000000000000000000000000e+00;1.000000000000000000000000000000e+00;1.923366482526754907686407803508e-07;4.936617732280222936580571513332e-01;5.063382267719779283865477736981e-01;0.000000000000000000000000000000e+00;1.000000000000000000000000000000e+00
9.400000000000000000000000000000e+01;8.462227756056836525111464197835e-02;4.548869899248782211476083148227e-02;5.151342207042251776158425791152e-04;1.930471986180923193998637543700e+00;1.243919505894337085294409916969e+00;7.898588371648354033993655320955e-01;1.078166593905506009942740774932e-01;2.104772809191720554095050843557e-03;0.000000000000000000000000000000e+00;0.000000000000000000000000000000e+00;1.000000000000000000000000000000e+00;4.787168838244759152232565835305e-05;4.936617732280222936580571513332e-01;5.063382267719779283865477736981e-01;0.000000000000000000000000000000e+00;1.000000000000000000000000000000e+00
9.500000000000000000000000000000e+01;8.462575986591480692311506572878e-02;4.554371360868772478092125766125e-02;5.288119567871299008671170938101e-04;1.617258227883797028212597979291e+00;1.240868266329825164717703955830e+00;7.898588371648354033993655320955e-01;1.077528279565452273836001495511e-01;0.000000000000000000000000000000e+00;7.670754595103592169899608954609e-04;0.000000000000000000000000000000e+00;1.000000000000000000000000000000e+00;2.028193373735299783978340126128e-07;4.932830973964806853260256502836e-01;5.067169026035195367185792747478e-01;0.000000000000000000000000000000e+00;1.000000000000000000000000000000e+00
9.600000000000000000000000000000e+01;8.564005465935117800135856214183e-02;4.554869203360681351178129716573e-02;5.284237209707892332644085797710e-04;1.617258227883797028212597979291e+00;1.240868881887078556403025686450e+00;7.892529558343688300681151304161e-01;1.076700371038191716976939460437e-01;2.521901604870898164212356107328e-03;0.000000000000000000000000000000e+00;0.000000000000000000000000000000e+00;1.000000000000000000000000000000e+00;5.743465976966165308960354796142e-05;4.932830973964806853260256502836e-01;5.067169026035195367185792747478e-01;0.000000000000000000000000000000e+00;1.000000000000000000000000000000e+00
9.700000000000000000000000000000e+01;8.564376566876390206584090947217e-02;4.561155271306876340942082492802e-02;5.448263687560504255069648849030e-04;1.613179661763406436136847332818e+00;1.237217368943130946234987277421e+00;7.892529558343688300681151304161e-01;1.075932905964183672331557772850e-01;0.000000000000000000000000000000e+00;7.920848243009451835477952030828e-04;0.000000000000000000000000000000e+00;1.000000000000000000000000000000e+00;2.157743492853290626726171699129e-07;4.928923753409487629184582146991e-01;5.071076246590514591261467103323e-01;0.000000000000000000000000000000e+00;1.000000000000000000000000000000e+00
9.800000000000000000000000000000e+01;8.666774152659603713821923065552e-02;4.561669724829470889959637247557e-02;5.444132734182886542220747294607e-04;1.613179661763406436136847332818e+00;1.237217937848537951950333990681e+00;7.886278005455176209892442784621e-01;1.075079123490616933578323255460e-01;2.539524358003665376048996193958e-03;0.000000000000000000000000000000e+00;0.000000000000000000000000000000e+00;1.000000000000000000000000000000e+00;5.792235689686161116511431412590e-05;4.928923753409487629184582146991e-01;5.071076246590514591261467103323e-01;0.000000000000000000000000000000e+00;1.000000000000000000000000000000e+00
9.900000000000000000000000000000e+01;8.667169098428324780503118063280e-02;4.567664908099109549732830259927e-02;5.609405744631922995785400232194e-04;1.955460623588194835065223742276e+00;1.233546665561655597542767281993e+00;7.886278005455176209892442784621e-01;1.074303586632670004519241047092e-01;0.000000000000000000000000000000e+00;8.173964133264696946615246453405e-04;0.000000000000000000000000000000e+00;1.000000000000000000000000000000e+00;2.292554068277514738929820847443e-07;4.924894868811890979998224793235e-01;5.075105131188111240447824457078e-01;0.000000000000000000000000000000e+00;1.000000000000000000000000000000e+00
