iteration;state_coverage;state_entropy;reward_mean;reward_std;model_tv_mean;model_tv_max
0;0.07760532150776053;0.3205172793793012;3.05004262777485e-07;0.000434872305277793;0.0;0.0
1;0.07760532150776053;0.32051832909496086;3.050202294228756e-07;0.0004348838521669565;0.0;0.0
2;0.07760532150776053;0.3205193788523637;3.0503619750134944e-07;0.0004348953997942008;0.0;0.0
3;0.07760532150776053;0.3205204286515133;3.0505216701308885e-07;0.00043490694815960046;0.0;0.0
4;0.07760532150776053;0.32052147849241247;3.0506813795827456e-07;0.0004349184972632293;0.0;0.0
5;0.07760532150776053;0.3205225290356997;3.050841203879101e-07;0.0004349300543729522;0.0;0.0
6;0.07760532150776053;0.32052358150944343;3.05100132988247e-07;0.0004349416329999036;0.0;0.0
7;0.07760532150776053;0.32052463485612953;3.0511615967323614e-07;0.0004349532215111268;0.0;0.0
8;0.07760532150776053;0.32052568824487254;3.05132187802038e-07;0.0004349648107659213;0.0;0.0
9;0.07760532150776053;0.3205267416756762;3.051482173748349e-07;0.0004349764007643613;0.0;0.0
10;0.07760532150776053;0.3205277951485432;3.051642483918112e-07;0.0004349879915065224;0.0;0.0
11;0.07760532150776053;0.320528848663477;3.051802808531508e-07;0.00043499958299248007;0.0;0.0
12;0.07760532150776053;0.32052990449915997;3.0519634943874004e-07;0.00043501120029479406;0.0;0.0
13;0.07760532150776053;0.32053096037711026;3.052124194755008e-07;0.0004350228183444097;0.0;0.0
14;0.07760532150776053;0.32053201629733147;3.052284909636187e-07;0.00043503443714140315;0.0;0.0
15;0.07760532150776053;0.3205330722598267;3.052445639032779e-07;0.00043504605668584945;0.0;0.0
16;0.07760532150776053;0.3205341282680236;3.0526063834679774e-07;0.0004350576770155122;0.0;0.0
17;0.07760532150776053;0.3205351843185014;3.052767142422416e-07;0.00043506929809278635;0.0;0.0
18;0.07760532150776053;0.3205362404112635;3.05292791589794e-07;0.0004350809199177472;0.0;0.0
19;0.07760532150776053;0.32053729654631263;3.0530887038964e-07;0.00043509254249047045;0.0;0.0
20;0.07760532150776053;0.3205383527236521;3.05324950641965e-07;0.00043510416581103196;0.0;0.0
21;0.07760532150776053;0.3205394089432857;3.0534103234695385e-07;0.0004351157898795074;0.0;0.0
22;0.07760532150776053;0.320540465205216;3.0535711550479166e-07;0.00043512741469597233;0.0;0.0
23;0.07760532150776053;0.3205415215094464;3.0537320011566373e-07;0.00043513904026050253;0.0;0.0
24;0.07760532150776053;0.3205425778559803;3.0538928617975555e-07;0.00043515066657317386;0.0;0.0
25;0.07760532150776053;0.32054363424482074;3.054053736972522e-07;0.0004351622936340621;0.0;0.0
26;0.07760532150776053;0.3205446906759709;3.0542146266833817e-07;0.00043517392144324236;0.0;0.0
27;0.07760532150776053;0.3205457471494343;3.054375530932001e-07;0.00043518555000079126;0.0;0.0
28;0.07760532150776053;0.32054680366521376;3.0545364497202315e-07;0.00043519717930678466;0.0;0.0
29;0.07760532150776053;0.320547860223313;3.0546973830499205e-07;0.0004352088093612977;0.0;0.0
30;0.07760532150776053;0.3205489168237349;3.054858330922929e-07;0.0004352204401644067;0.0;0.0
31;0.07760532150776053;0.3205499734664824;3.055019293341103e-07;0.0004352320717161869;0.0;0.0
32;0.07760532150776053;0.3205510301515593;3.055180270306304e-07;0.00043524370401671464;0.0;0.0
33;0.07760532150776053;0.32055208687896863;3.055341261820384e-07;0.00043525533706606544;0.0;0.0
34;0.07760532150776053;0.3205531436487134;3.055502267885201e-07;0.0004352669708643155;0.0;0.0
35;0.07760532150776053;0.32055420046079713;3.0556632885026107e-07;0.00043527860541154055;0.0;0.0
36;0.07760532150776053;0.320555257315223;3.055824323674466e-07;0.0004352902407078161;0.0;0.0
37;0.07760532150776053;0.320556314211994;3.0559853734026237e-07;0.00043530187675321834;0.0;0.0
38;0.07760532150776053;0.3205573711511136;3.056146437688945e-07;0.00043531351354782335;0.0;0.0
39;0.07760532150776053;0.3205584281325849;3.0563075165352815e-07;0.0004353251510917066;0.0;0.0
40;0.07760532150776053;0.32055948515641147;3.056468609943497e-07;0.00043533678938494465;0.0;0.0
41;0.07760532150776053;0.3205605422225959;3.056629717915437e-07;0.00043534842842761235;0.0;0.0
42;0.07760532150776053;0.32056159933114214;3.056790840452974e-07;0.0004353600682197868;0.0;0.0
43;0.07760532150776053;0.32056265648205273;3.056951977557958e-07;0.0004353717087615433;0.0;0.0
44;0.07760532150776053;0.3205637136753311;3.0571131292322414e-07;0.0004353833500529574;0.0;0.0
45;0.07760532150776053;0.32056477091098107;3.057274295477697e-07;0.00043539499209410606;0.0;0.0
46;0.07760532150776053;0.32056582818900525;3.0574354762961784e-07;0.0004354066348850649;0.0;0.0
47;0.07760532150776053;0.32056688550940693;3.0575966716895424e-07;0.0004354182784259095;0.0;0.0
48;0.07760532150776053;0.32056794287218954;3.057757881659651e-07;0.0004354299227167164;0.0;0.0
49;0.07760532150776053;0.32056900027735613;3.0579191062083585e-07;0.00043544156775756097;0.0;0.0
50;0.07760532150776053;0.32057005772491;3.058080345337532e-07;0.0004354532135485196;0.0;0.0
51;0.07760532150776053;0.32057111521485443;3.0582415990490316e-07;0.0004354648600896686;0.0;0.0
52;0.07760532150776053;0.32057217274719246;3.058402867344714e-07;0.0004354765073810834;0.0;0.0
53;0.07760532150776053;0.32057323032192775;3.0585641502264466e-07;0.00043548815542284066;0.0;0.0
54;0.07760532150776053;0.3205742879390631;3.058725447696082e-07;0.0004354998042150157;0.0;0.0
55;0.07760532150776053;0.3205753455986021;3.058886759755492e-07;0.00043551145375768537;0.0;0.0
56;0.07760532150776053;0.32057640330054754;3.0590480864065345e-07;0.0004355231040509254;0.0;0.0
57;0.07760532150776053;0.32057746104490303;3.059209427651068e-07;0.00043553475509481166;0.0;0.0
58;0.07760532150776053;0.3205785188316718;3.0593707834909615e-07;0.0004355464068894207;0.0;0.0
59;0.07760532150776053;0.32057957666085685;3.0595321539280727e-07;0.00043555805943482805;0.0;0.0
60;0.07760532150776053;0.32058063453246183;3.0596935389642727e-07;0.0004355697127311107;0.0;0.0
61;0.07760532150776053;0.3205816924464892;3.05985493860141e-07;0.0004355813667783434;0.0;0.0
62;0.07760532150776053;0.3205827504029428;3.060016352841366e-07;0.0004355930215766037;0.0;0.0
63;0.07760532150776053;0.3205838084018258;3.0601777816859965e-07;0.0004356046771259672;0.0;0.0
64;0.07760532150776053;0.3205848664431415;3.060339225137165e-07;0.00043561633342650976;0.0;0.0
65;0.07760532150776053;0.3205859245268929;3.0605006831967426e-07;0.0004356279904783082;0.0;0.0
66;0.07760532150776053;0.3205869826530835;3.060662155866589e-07;0.0004356396482814382;0.0;0.0
67;0.07760532150776053;0.32058804082171616;3.0608236431485686e-07;0.000435651306835976;0.0;0.0
68;0.07760532150776053;0.32058909903279453;3.060985145044552e-07;0.000435662966141998;0.0;0.0
69;0.07760532150776053;0.32059015728632156;3.0611466615564036e-07;0.0004356746261995804;0.0;0.0
70;0.07760532150776053;0.32059121558230064;3.061308192685985e-07;0.000435686287008799;0.0;0.0
71;0.07760532150776053;0.320592273920735;3.061469738435173e-07;0.00043569794856973077;0.0;0.0
72;0.07760532150776053;0.32059333230162784;3.0616312988058255e-07;0.00043570961088245134;0.0;0.0
73;0.07760532150776053;0.32059439072498247;3.0617928737998127e-07;0.00043572127394703717;0.0;0.0
74;0.07760532150776053;0.32059544919080213;3.0619544634190064e-07;0.00043573293776356475;0.0;0.0
75;0.07760532150776053;0.3205965076990898;3.062116067665267e-07;0.00043574460233210987;0.0;0.0
76;0.07760532150776053;0.3205975662498491;3.0622776865404677e-07;0.00043575626765274923;0.0;0.0
77;0.07760532150776053;0.3205986248430832;3.062439320046478e-07;0.00043576793372555916;0.0;0.0
78;0.07760532150776053;0.32059968347879503;3.0626009681851633e-07;0.0004357796005506156;0.0;0.0
79;0.07760532150776053;0.32060074215698825;3.062762630958396e-07;0.00043579126812799516;0.0;0.0
80;0.07760532150776053;0.320601800877666;3.0629243083680433e-07;0.0004358029364577741;0.0;0.0
81;0.07760532150776053;0.3206028596408311;3.063086000415977e-07;0.0004358146055400289;0.0;0.0
82;0.07760532150776053;0.3206039184464871;3.06324770710406e-07;0.00043582627537483535;0.0;0.0
83;0.07760532150776053;0.3206049772946374;3.063409428434173e-07;0.00043583794596227044;0.0;0.0
84;0.07760532150776053;0.3206060361852853;3.063571164408186e-07;0.00043584961730241056;0.0;0.0
85;0.07760532150776053;0.32060709511843377;3.0637329150279615e-07;0.00043586128939533154;0.0;0.0
86;0.07760532150776053;0.32060815409408605;3.063894680295378e-07;0.0004358729622411103;0.0;0.0
87;0.07760532150776053;0.3206092131122455;3.064056460212301e-07;0.0004358846358398228;0.0;0.0
88;0.07760532150776053;0.3206102721729154;3.064218254780613e-07;0.0004358963101915459;0.0;0.0
89;0.07760532150776053;0.3206113312760988;3.0643800640021735e-07;0.0004359079852963556;0.0;0.0
90;0.07760532150776053;0.3206123904217991;3.064541887878865e-07;0.00043591966115432877;0.0;0.0
91;0.07760532150776053;0.32061344961001975;3.0647037264125565e-07;0.00043593133776554163;0.0;0.0
92;0.07760532150776053;0.3206145088407636;3.064865579605118e-07;0.0004359430151300704;0.0;0.0
93;0.07760532150776053;0.3206155681140343;3.0650274474584316e-07;0.0004359546932479921;0.0;0.0
94;0.07760532150776053;0.32061662742983466;3.065189329974365e-07;0.0004359663721193829;0.0;0.0
95;0.07760532150776053;0.3206176867881681;3.0653512271547907e-07;0.000435978051744319;0.0;0.0
96;0.07760532150776053;0.32061874618903796;3.065513139001587e-07;0.0004359897321228774;0.0;0.0
97;0.07760532150776053;0.32061980563244746;3.065675065516624e-07;0.0004360014132551342;0.0;0.0
98;0.07760532150776053;0.3206208651183999;3.065837006701785e-07;0.0004360130951411664;0.0;0.0
99;0.07760532150776053;0.3206219246468983;3.0659989625589363e-07;0.0004360247777810499;0.0;0.0
100;0.07760532150776053;0.3206229842179462;3.0661609330899597e-07;0.00043603646117486175;0.0;0.0
101;0.07760532150776053;0.3206240438315464;3.0663229182967236e-07;0.000436048145322678;0.0;0.0
102;0.07760532150776053;0.320625103487703;3.0664849181811174e-07;0.0004360598302245761;0.0;0.0
103;0.07760532150776053;0.3206261631864183;3.066646932745005e-07;0.00043607151588063157;0.0;0.0
104;0.07760532150776053;0.32062722292769635;3.0668089619902755e-07;0.0004360832022909221;0.0;0.0
105;0.07760532150776053;0.3206282827115397;3.06697100591879e-07;0.000436094889455523;0.0;0.0
106;0.07760532150776053;0.32062934253795206;3.0671330645324357e-07;0.0004361065773745117;0.0;0.0
107;0.07760532150776053;0.3206304024069367;3.0672951378330973e-07;0.0004361182660479651;0.0;0.0
108;0.07760532150776053;0.32063146231849643;3.06745722582264e-07;0.0004361299554759591;0.0;0.0
109;0.07760532150776053;0.3206325222726351;3.0676193285029513e-07;0.0004361416456585708;0.0;0.0
110;0.07760532150776053;0.32063358226935557;3.0677814458759013e-07;0.00043615333659587633;0.0;0.0
111;0.07760532150776053;0.320634642308661;3.067943577943375e-07;0.00043616502828795273;0.0;0.0
112;0.07760532150776053;0.3206357023905551;3.068105724707254e-07;0.0004361767207348768;0.0;0.0
113;0.07760532150776053;0.32063676251504086;3.068267886169417e-07;0.0004361884139367254;0.0;0.0
114;0.07760532150776053;0.32063782268212127;3.0684300623317347e-07;0.0004362001078935742;0.0;0.0
115;0.07760532150776053;0.32063888289180015;3.068592253196099e-07;0.000436211802605501;0.0;0.0
116;0.07760532150776053;0.3206399431440802;3.068754458764385e-07;0.00043622349807258194;0.0;0.0
117;0.07760532150776053;0.320641003438965;3.068916679038474e-07;0.0004362351942948938;0.0;0.0
118;0.07760532150776053;0.3206420637764579;3.069078914020251e-07;0.00043624689127251363;0.0;0.0
119;0.07760532150776053;0.320643124156562;3.069241163711594e-07;0.0004362585890055179;0.0;0.0
120;0.07760532150776053;0.3206441845792805;3.0694034281143855e-07;0.0004362702874939834;0.0;0.0
121;0.07760532150776053;0.3206452450446167;3.069565707230508e-07;0.000436281986737987;0.0;0.0
122;0.07760532150776053;0.320646305552574;3.069728001061847e-07;0.0004362936867376055;0.0;0.0
123;0.07760532150776053;0.32064736610315536;3.069890309610277e-07;0.0004363053874929152;0.0;0.0
124;0.07760532150776053;0.32064842669636406;3.070052632877684e-07;0.0004363170890039931;0.0;0.0
125;0.07760532150776053;0.3206494873322037;3.070214970865956e-07;0.00043632879127091645;0.0;0.0
126;0.07760532150776053;0.32065054801067766;3.070377323576975e-07;0.0004363404942937618;0.0;0.0
127;0.07760532150776053;0.32065160873178866;3.0705396910126214e-07;0.0004363521980726057;0.0;0.0
128;0.07760532150776053;0.32065266949554;3.0707020731747824e-07;0.0004363639026075253;0.0;0.0
129;0.07760532150776053;0.3206537303019354;3.070864470065344e-07;0.0004363756078985975;0.0;0.0
130;0.07760532150776053;0.32065479115097767;3.0710268816861885e-07;0.00043638731394589884;0.0;0.0
131;0.07760532150776053;0.32065585204267055;3.0711893080392055e-07;0.0004363990207495067;0.0;0.0
132;0.07760532150776053;0.32065691297701665;3.0713517491262765e-07;0.0004364107283094976;0.0;0.0
133;0.07760532150776053;0.32065797395401985;3.071514204949287e-07;0.00043642243662594845;0.0;0.0
134;0.07760532150776053;0.32065903497368325;3.0716766755101285e-07;0.00043643414569893634;0.0;0.0
135;0.07760532150776053;0.32066009603600987;3.0718391608106835e-07;0.0004364458555285381;0.0;0.0
136;0.07760532150776053;0.320661157141003;3.072001660852835e-07;0.00043645756611483027;0.0;0.0
137;0.07760532150776053;0.3206622182886662;3.0721641756384764e-07;0.00043646927745789025;0.0;0.0
138;0.07760532150776053;0.3206632794790027;3.072326705169491e-07;0.0004364809895577947;0.0;0.0
139;0.07760532150776053;0.3206643407120155;3.0724892494477723e-07;0.000436492702414621;0.0;0.0
140;0.07760532150776053;0.320665401987708;3.072651808475203e-07;0.0004365044160284457;0.0;0.0
141;0.07760532150776053;0.3206664633060835;3.072814382253673e-07;0.0004365161303993459;0.0;0.0
142;0.07760532150776053;0.32066752466714493;3.0729769707850674e-07;0.00043652784552739834;0.0;0.0
143;0.07760532150776053;0.3206685860708961;3.0731395740712837e-07;0.0004365395614126806;0.0;0.0
144;0.07760532150776053;0.32066964751734;3.073302192114201e-07;0.00043655127805526905;0.0;0.0
145;0.07760532150776053;0.3206707090064798;3.073464824915717e-07;0.0004365629954552411;0.0;0.0
146;0.07760532150776053;0.3206717705383191;3.073627472477718e-07;0.00043657471361267363;0.0;0.0
147;0.07760532150776053;0.3206728321128609;3.073790134802099e-07;0.00043658643252764406;0.0;0.0
148;0.07760532150776053;0.3206738937301084;3.073952811890747e-07;0.0004365981522002291;0.0;0.0
149;0.07760532150776053;0.3206749553900651;3.0741155037455504e-07;0.00043660987263050574;0.0;0.0
150;0.07760532150776053;0.32067601709273447;3.0742782103684035e-07;0.000436621593818551;0.0;0.0
151;0.07760532150776053;0.32067707883811897;3.074440931761196e-07;0.00043663331576444234;0.0;0.0
152;0.07760532150776053;0.32067814062622246;3.07460366792582e-07;0.00043664503846825635;0.0;0.0
153;0.07760532150776053;0.3206792024570482;3.074766418864174e-07;0.00043665676193007085;0.0;0.0
154;0.07760532150776053;0.3206802643305994;3.0749291845781364e-07;0.00043666848614996195;0.0;0.0
155;0.07760532150776053;0.3206813262468794;3.075091965069616e-07;0.00043668021112800787;0.0;0.0
156;0.07760532150776053;0.3206823882058913;3.0752547603404935e-07;0.0004366919368642849;0.0;0.0
157;0.07760532150776053;0.3206834502076384;3.0754175703926673e-07;0.0004367036633588705;0.0;0.0
158;0.07760532150776053;0.320684512252124;3.075580395228031e-07;0.0004367153906118419;0.0;0.0
159;0.07760532150776053;0.32068557433935146;3.0757432348484807e-07;0.00043672711862327633;0.0;0.0
160;0.07760532150776053;0.320686636469324;3.0759060892559065e-07;0.00043673884739325067;0.0;0.0
161;0.07760532150776053;0.3206876986420448;3.076068958452208e-07;0.0004367505769218425;0.0;0.0
162;0.07760532150776053;0.3206887608575176;3.0762318424392776e-07;0.0004367623072091288;0.0;0.0
163;0.07760532150776053;0.3206898231157452;3.0763947412190103e-07;0.0004367740382551868;0.0;0.0
164;0.07760532150776053;0.32069088541673063;3.076557654793297e-07;0.0004367857700600934;0.0;0.0
165;0.07760532150776053;0.3206919477604777;3.076720583164043e-07;0.00043679750262392653;0.0;0.0
166;0.07760532150776053;0.3206930101469895;3.076883526333137e-07;0.00043680923594676275;0.0;0.0
167;0.07760532150776053;0.32069407257626925;3.077046484302479e-07;0.0004368209700286798;0.0;0.0
168;0.07760532150776053;0.3206951350483202;3.077209457073964e-07;0.00043683270486975453;0.0;0.0
169;0.07760532150776053;0.32069619756314577;3.0773724446494897e-07;0.00043684444047006454;0.0;0.0
170;0.07760532150776053;0.3206972601207492;3.077535447030957e-07;0.0004368561768296872;0.0;0.0
171;0.07760532150776053;0.3206983227211338;3.0776984642202605e-07;0.00043686791394869956;0.0;0.0
172;0.07760532150776053;0.3206993853643027;3.077861496219291e-07;0.00043687965182717854;0.0;0.0
173;0.07760532150776053;0.3207004480502593;3.0780245430299644e-07;0.00043689139046520245;0.0;0.0
174;0.07760532150776053;0.3207015107790068;3.0781876046541624e-07;0.00043690312986284773;0.0;0.0
175;0.07760532150776053;0.3207025735505485;3.0783506810937926e-07;0.00043691487002019206;0.0;0.0
176;0.07760532150776053;0.3207036363648874;3.078513772350754e-07;0.00043692661093731297;0.0;0.0
177;0.07760532150776053;0.3207046992220273;3.0786768784269454e-07;0.0004369383526142877;0.0;0.0
178;0.07760532150776053;0.32070576212197127;3.078839999324263e-07;0.00043695009505119323;0.0;0.0
179;0.07760532150776053;0.32070682506472264;3.0790031350446145e-07;0.0004369618382481077;0.0;0.0
180;0.07760532150776053;0.3207078880502843;3.079166285589892e-07;0.0004369735822051077;0.0;0.0
181;0.07760532150776053;0.32070895107866015;3.079329450962004e-07;0.0004369853269222712;0.0;0.0
182;0.07760532150776053;0.3207100141498531;3.0794926311628484e-07;0.0004369970723996755;0.0;0.0
183;0.07760532150776053;0.3207110772638664;3.079655826194328e-07;0.00043700881863739796;0.0;0.0
184;0.07760532150776053;0.3207121404207036;3.0798190360583407e-07;0.00043702056563551584;0.0;0.0
185;0.07760532150776053;0.3207132036203676;3.079982260756794e-07;0.000437032313394107;0.0;0.0
186;0.07760532150776053;0.3207142668628621;3.080145500291589e-07;0.00043704406191324866;0.0;0.0
187;0.07760532150776053;0.3207153301481901;3.0803087546646246e-07;0.0004370558111930181;0.0;0.0
188;0.07760532150776053;0.320716393476355;3.0804720238778087e-07;0.00043706756123349313;0.0;0.0
189;0.07760532150776053;0.32071745684736025;3.080635307933046e-07;0.0004370793120347514;0.0;0.0
190;0.07760532150776053;0.32071852026120845;3.08079860683223e-07;0.00043709106359686954;0.0;0.0
191;0.07760532150776053;0.32071958371790343;3.080961920577272e-07;0.00043710281591992573;0.0;0.0
192;0.07760532150776053;0.32072064721744853;3.081125249170078e-07;0.0004371145690039974;0.0;0.0
193;0.07760532150776053;0.32072171075984696;3.0812885926125544e-07;0.00043712632284916236;0.0;0.0
194;0.07760532150776053;0.3207227743451019;3.081451950906597e-07;0.00043713807745549753;0.0;0.0
195;0.07760532150776053;0.3207238379732165;3.081615324054117e-07;0.0004371498328230809;0.0;0.0
196;0.07760532150776053;0.3207249016441943;3.081778712057019e-07;0.00043716158895198975;0.0;0.0
197;0.07760532150776053;0.3207259653580385;3.081942114917213e-07;0.0004371733458423021;0.0;0.0
198;0.07760532150776053;0.3207270291147528;3.0821055326365994e-07;0.00043718510349409517;0.0;0.0
199;0.07760532150776053;0.3207280929143398;3.0822689652170937e-07;0.0004371968619074471;0.0;0.0
200;0.07760532150776053;0.32072915675680325;3.082432412660592e-07;0.00043720862108243474;0.0;0.0
201;0.07760532150776053;0.32073022064214607;3.082595874969007e-07;0.0004372203810191361;0.0;0.0
202;0.07760532150776053;0.3207312845703719;3.0827593521442436e-07;0.00043723214171762875;0.0;0.0
203;0.07760532150776053;0.32073234854148375;3.082922844188212e-07;0.00043724390317799027;0.0;0.0
204;0.07760532150776053;0.32073341255548493;3.0830863511028164e-07;0.00043725566540029823;0.0;0.0
205;0.07760532150776053;0.3207344766123791;3.0832498728899746e-07;0.00043726742838463075;0.0;0.0
206;0.07760532150776053;0.32073554071216903;3.083413409551583e-07;0.00043727919213106485;0.0;0.0
207;0.07760532150776053;0.3207366048548583;3.083576961089559e-07;0.0004372909566396786;0.0;0.0
208;0.07760532150776053;0.32073766904045015;3.083740527505811e-07;0.0004373027219105498;0.0;0.0
209;0.07760532150776053;0.320738733268948;3.083904108802245e-07;0.0004373144879437559;0.0;0.0
210;0.07760532150776053;0.32073979754035503;3.0840677049807764e-07;0.00043732625473937486;0.0;0.0
211;0.07760532150776053;0.3207408618546745;3.0842313160433115e-07;0.0004373380222974841;0.0;0.0
212;0.07760532150776053;0.3207419262119097;3.084394941991764e-07;0.00043734979061816167;0.0;0.0
213;0.07760532150776053;0.32074299061206385;3.084558582828038e-07;0.0004373615597014848;0.0;0.0
214;0.07760532150776053;0.3207440550551405;3.084722238554052e-07;0.00043737332954753175;0.0;0.0
215;0.07760532150776053;0.32074511954114254;3.0848859091717167e-07;0.00043738510015638025;0.0;0.0
216;0.07760532150776053;0.3207461840700737;3.085049594682946e-07;0.00043739687152810814;0.0;0.0
217;0.07760532150776053;0.3207472486419372;3.0852132950896475e-07;0.00043740864366279307;0.0;0.0
218;0.07760532150776053;0.32074831325673603;3.085377010393733e-07;0.00043742041656051253;0.0;0.0
219;0.07760532150776053;0.32074937791447367;3.0855407405971143e-07;0.00043743219022134445;0.0;0.0
220;0.07760532150776053;0.3207504426151532;3.08570448570171e-07;0.0004374439646453671;0.0;0.0
221;0.07760532150776053;0.32075150735877844;3.0858682457094346e-07;0.0004374557398326581;0.0;0.0
222;0.07760532150776053;0.32075257214535224;3.0860320206221994e-07;0.00043746751578329523;0.0;0.0
223;0.07760532150776053;0.32075363697487813;3.086195810441914e-07;0.00043747929249735615;0.0;0.0
224;0.07760532150776053;0.3207547018473595;3.086359615170504e-07;0.00043749106997491934;0.0;0.0
225;0.07760532150776053;0.3207557667627993;3.086523434809875e-07;0.0004375028482160622;0.0;0.0
226;0.07760532150776053;0.3207568317212009;3.086687269361943e-07;0.0004375146272208626;0.0;0.0
227;0.07760532150776053;0.32075789672256766;3.0868511188286243e-07;0.00043752640698939855;0.0;0.0
228;0.07760532150776053;0.3207589617669028;3.0870149832118334e-07;0.0004375381875217477;0.0;0.0
229;0.07760532150776053;0.32076002685421007;3.087178862513493e-07;0.00043754996881798864;0.0;0.0
230;0.07760532150776053;0.32076109198449226;3.0873427567355116e-07;0.00043756175087819864;0.0;0.0
231;0.07760532150776053;0.32076215715775275;3.0875066658798083e-07;0.00043757353370245595;0.0;0.0
232;0.07760532150776053;0.3207632223739948;3.087670589948302e-07;0.0004375853172908384;0.0;0.0
233;0.07760532150776053;0.32076428763322173;3.087834528942906e-07;0.0004375971016434239;0.0;0.0
234;0.07760532150776053;0.32076535293543723;3.087998482865542e-07;0.00043760888676029066;0.0;0.0
235;0.07760532150776053;0.3207664182806442;3.0881624517181276e-07;0.0004376206726415165;0.0;0.0
236;0.07760532150776053;0.3207674836688461;3.0883264355025817e-07;0.0004376324592871797;0.0;0.0
237;0.07760532150776053;0.320768549100046;3.088490434220819e-07;0.0004376442466973578;0.0;0.0
238;0.07760532150776053;0.3207696145742476;3.088654447874762e-07;0.0004376560348721291;0.0;0.0
239;0.07760532150776053;0.320770680091454;3.088818476466331e-07;0.0004376678238115718;0.0;0.0
240;0.07760532150776053;0.3207717456516682;3.0889825199974375e-07;0.00043767961351576327;0.0;0.0
241;0.07760532150776053;0.3207728112548939;3.08914657847001e-07;0.00043769140398478224;0.0;0.0
242;0.07760532150776053;0.32077387690113424;3.0893106518859644e-07;0.0004377031952187064;0.0;0.0
243;0.07760532150776053;0.32077494259039263;3.0894747402472226e-07;0.00043771498721761404;0.0;0.0
244;0.07760532150776053;0.3207760083226722;3.0896388435557066e-07;0.00043772677998158316;0.0;0.0
245;0.07760532150776053;0.32077707409797646;3.089802961813334e-07;0.00043773857351069175;0.0;0.0
246;0.07760532150776053;0.32077813991630866;3.089967095022029e-07;0.00043775036780501804;0.0;0.0
247;0.07760532150776053;0.320779205777672;3.090131243183718e-07;0.0004377621628646405;0.0;0.0
248;0.07760532150776053;0.32078027168206974;3.09029540630031e-07;0.0004377739586896363;0.0;0.0
249;0.07760532150776053;0.32078133762950545;3.0904595843737444e-07;0.0004377857552800848;0.0;0.0
250;0.07760532150776053;0.32078240361998245;3.090623777405932e-07;0.0004377975526360633;0.0;0.0
251;0.07760532150776053;0.32078346965350363;3.090787985398794e-07;0.00043780935075764986;0.0;0.0
252;0.07760532150776053;0.3207845357300726;3.090952208354263e-07;0.00043782114964492316;0.0;0.0
253;0.07760532150776053;0.3207856018496924;3.0911164462742544e-07;0.00043783294929796107;0.0;0.0
254;0.07760532150776053;0.3207866680123667;3.0912806991606984e-07;0.00043784474971684184;0.0;0.0
255;0.07760532150776053;0.3207877342180986;3.0914449670155163e-07;0.0004378565509016439;0.0;0.0
256;0.07760532150776053;0.3207888004668916;3.0916092498406346e-07;0.00043786835285244524;0.0;0.0
257;0.07760532150776053;0.3207898667587489;3.091773547637977e-07;0.0004378801555693242;0.0;0.0
258;0.07760532150776053;0.3207909330936737;3.09193786040947e-07;0.00043789195905235894;0.0;0.0
259;0.07760532150776053;0.3207919994716693;3.0921021881570347e-07;0.00043790376330162754;0.0;0.0
260;0.07760532150776053;0.3207930658927391;3.092266530882604e-07;0.00043791556831720865;0.0;0.0
261;0.07760532150776053;0.3207941323568864;3.092430888588099e-07;0.0004379273740991802;0.0;0.0
262;0.07760532150776053;0.3207951988641147;3.0925952612754504e-07;0.0004379391806476209;0.0;0.0
263;0.07760532150776053;0.3207962654144272;3.0927596489465806e-07;0.00043795098796260836;0.0;0.0
264;0.07760532150776053;0.32079733200782673;3.0929240516034194e-07;0.0004379627960442215;0.0;0.0
265;0.07760532150776053;0.3207983986443175;3.093088469247894e-07;0.00043797460489253834;0.0;0.0
266;0.07760532150776053;0.3207994653239021;3.0932529018819314e-07;0.00043798641450763727;0.0;0.0
267;0.07760532150776053;0.3208005320465838;3.093417349507459e-07;0.0004379982248895964;0.0;0.0
268;0.07760532150776053;0.3208015988123666;3.093581812126409e-07;0.00043801003603849447;0.0;0.0
269;0.07760532150776053;0.3208026656212532;3.0937462897407055e-07;0.0004380218479544095;0.0;0.0
270;0.07760532150776053;0.3208037324732471;3.09391078235228e-07;0.0004380336606374202;0.0;0.0
271;0.07760532150776053;0.3208047993683516;3.094075289963063e-07;0.00043804547408760454;0.0;0.0
272;0.07760532150776053;0.3208058663065701;3.0942398125749803e-07;0.00043805728830504113;0.0;0.0
273;0.07760532150776053;0.3208069332879058;3.0944043501899645e-07;0.00043806910328980815;0.0;0.0
274;0.07760532150776053;0.3208080003123622;3.09456890280995e-07;0.0004380809190419846;0.0;0.0
275;0.07760532150776053;0.32080906737994247;3.094733470436867e-07;0.0004380927355616488;0.0;0.0
276;0.07760532150776053;0.32081013449064993;3.0948980530726383e-07;0.0004381045528488784;0.0;0.0
277;0.07760532150776053;0.32081120164448795;3.095062650719201e-07;0.0004381163709037525;0.0;0.0
278;0.07760532150776053;0.32081226884145997;3.095227263378488e-07;0.00043812818972634946;0.0;0.0
279;0.07760532150776053;0.320813336081569;3.09539189105243e-07;0.0004381400093167478;0.0;0.0
280;0.07760532150776053;0.3208144033648185;3.095556533742959e-07;0.0004381518296750258;0.0;0.0
281;0.07760532150776053;0.3208154706912117;3.0957211914520013e-07;0.0004381636508012616;0.0;0.0
282;0.07760532150776053;0.3208165380607523;3.095885864181504e-07;0.0004381754726955347;0.0;0.0
283;0.07760532150776053;0.32081760547344307;3.0960505519333875e-07;0.00043818729535792284;0.0;0.0
284;0.07760532150776053;0.3208186729292877;3.0962152547095933e-07;0.00043819911878850476;0.0;0.0
285;0.07760532150776053;0.3208197404282894;3.0963799725120493e-07;0.00043821094298735874;0.0;0.0
286;0.07760532150776053;0.32082080797045126;3.096544705342691e-07;0.00043822276795456354;0.0;0.0
287;0.07760532150776053;0.32082187555577707;3.09670945320346e-07;0.000438234593690198;0.0;0.0
288;0.07760532150776053;0.3208229431842699;3.096874216096286e-07;0.00043824642019434047;0.0;0.0
289;0.07760532150776053;0.3208240108559329;3.097038994023099e-07;0.00043825824746706904;0.0;0.0
290;0.07760532150776053;0.3208250785707698;3.097203786985845e-07;0.00043827007550846313;0.0;0.0
291;0.07760532150776053;0.3208261463287836;3.097368594986451e-07;0.0004382819043186006;0.0;0.0
292;0.07760532150776053;0.3208272141299776;3.097533418026857e-07;0.0004382937338975605;0.0;0.0
293;0.07760532150776053;0.32082828197435526;3.0976982561089986e-07;0.0004383055642454211;0.0;0.0
294;0.07760532150776053;0.3208293498619199;3.09786310923481e-07;0.00043831739536226113;0.0;0.0
295;0.07760532150776053;0.32083041779267457;3.0980279774062366e-07;0.00043832922724815974;0.0;0.0
296;0.07760532150776053;0.32083148576662307;3.0981928606252073e-07;0.00043834105990319484;0.0;0.0
297;0.07760532150776053;0.3208325537837684;3.0983577588936617e-07;0.00043835289332744536;0.0;0.0
298;0.07760532150776053;0.320833621844114;3.098522672213542e-07;0.0004383647275209903;0.0;0.0
299;0.07760532150776053;0.3208346899476632;3.0986876005867853e-07;0.000438376562483908;0.0;0.0
300;0.07760532150776053;0.32083575809441944;3.0988525440153297e-07;0.00043838839821627745;0.0;0.0
301;0.07760532150776053;0.3208368262843858;3.0990175025011156e-07;0.0004384002347181772;0.0;0.0
302;0.07760532150776053;0.32083789451756584;3.09918247604608e-07;0.0004384120719896859;0.0;0.0
303;0.07760532150776053;0.3208389627939625;3.0993474646521573e-07;0.00043842391003088194;0.0;0.0
304;0.07760532150776053;0.3208400311135794;3.099512468321298e-07;0.0004384357488418446;0.0;0.0
305;0.07760532150776053;0.3208410994764199;3.0996774870554345e-07;0.00043844758842265225;0.0;0.0
306;0.07760532150776053;0.32084216788248715;3.099842520856512e-07;0.00043845942877338397;0.0;0.0
307;0.07760532150776053;0.32084323633178463;3.1000075697264697e-07;0.00043847126989411824;0.0;0.0
308;0.07760532150776053;0.3208443048243154;3.100172633667251e-07;0.0004384831117849342;0.0;0.0
309;0.07760532150776053;0.3208453733600832;3.1003377126807926e-07;0.00043849495444591016;0.0;0.0
310;0.07760532150776053;0.3208464419390913;3.100502806769046e-07;0.00043850679787712566;0.0;0.0
311;0.07760532150776053;0.32084751056134275;3.1006679159339436e-07;0.00043851864207865884;0.0;0.0
312;0.07760532150776053;0.3208485792268412;3.1008330401774333e-07;0.00043853048705058873;0.0;0.0
313;0.07760532150776053;0.3208496479355896;3.100998179501456e-07;0.0004385423327929942;0.0;0.0
314;0.07760532150776053;0.3208507166875913;3.101163333907952e-07;0.00043855417930595384;0.0;0.0
315;0.07760532150776053;0.3208517854828503;3.101328503398878e-07;0.0004385660265895475;0.0;0.0
316;0.07760532150776053;0.3208528543213691;3.1014936879761603e-07;0.0004385778746438527;0.0;0.0
317;0.07760532150776053;0.3208539232031514;3.101658887641752e-07;0.0004385897234689489;0.0;0.0
318;0.07760532150776053;0.3208549921282007;3.101824102397598e-07;0.0004386015730649152;0.0;0.0
319;0.07760532150776053;0.32085606109651993;3.1019893322456395e-07;0.00043861342343183004;0.0;0.0
320;0.07760532150776053;0.3208571301081127;3.102154577187827e-07;0.0004386252745697728;0.0;0.0
321;0.07760532150776053;0.3208581991629823;3.1023198372261025e-07;0.00043863712647882223;0.0;0.0
322;0.07760532150776053;0.320859268261132;3.102485112362412e-07;0.00043864897915905725;0.0;0.0
323;0.07760532150776053;0.3208603374025649;3.102650402598698e-07;0.00043866083261055646;0.0;0.0
324;0.07760532150776053;0.32086140658728496;3.1028157079369166e-07;0.0004386726868333995;0.0;0.0
325;0.07760532150776053;0.32086247581529503;3.102981028379009e-07;0.000438684541827665;0.0;0.0
326;0.07760532150776053;0.32086354508659853;3.1031463639269206e-07;0.0004386963975934319;0.0;0.0
327;0.07760532150776053;0.32086461440119884;3.1033117145825987e-07;0.00043870825413077914;0.0;0.0
328;0.07760532150776053;0.32086568375909946;3.103477080347999e-07;0.000438720111439786;0.0;0.0
329;0.07760532150776053;0.32086675316030333;3.1036424612250593e-07;0.00043873196952053117;0.0;0.0
330;0.07760532150776053;0.3208678226048142;3.103807857215735e-07;0.00043874382837309387;0.0;0.0
331;0.07760532150776053;0.3208688920926349;3.1039732683219686e-07;0.00043875568799755295;0.0;0.0
332;0.07760532150776053;0.32086996162376935;3.104138694545715e-07;0.0004387675483939877;0.0;0.0
333;0.07760532150776053;0.32087103119822075;3.104304135888924e-07;0.0004387794095624771;0.0;0.0
334;0.07760532150776053;0.3208721008159921;3.1044695923535394e-07;0.00043879127150310007;0.0;0.0
335;0.07760532150776053;0.320873170477087;3.104635063941514e-07;0.0004388031342159357;0.0;0.0
336;0.07760532150776053;0.3208742401815088;3.104800550654802e-07;0.00043881499770106336;0.0;0.0
337;0.07760532150776053;0.3208753099292607;3.104966052495354e-07;0.00043882686195856227;0.0;0.0
338;0.07760532150776053;0.320876379720346;3.1051315694651094e-07;0.0004388387269885106;0.0;0.0
339;0.07760532150776053;0.32087744955476827;3.105297101566031e-07;0.0004388505927909883;0.0;0.0
340;0.07760532150776053;0.3208785194325306;3.1054626488000697e-07;0.00043886245936607446;0.0;0.0
341;0.07760532150776053;0.32087958935363664;3.105628211169172e-07;0.00043887432671384783;0.0;0.0
342;0.07760532150776053;0.3208806593180894;3.105793788675294e-07;0.00043888619483438787;0.0;0.0
343;0.07760532150776053;0.32088172932589254;3.1059593813203944e-07;0.00043889806372777415;0.0;0.0
344;0.07760532150776053;0.3208827993770491;3.1061249891064116e-07;0.0004389099333940847;0.0;0.0
345;0.07760532150776053;0.3208838694715625;3.1062906120353106e-07;0.00043892180383339974;0.0;0.0
346;0.07760532150776053;0.32088493960943637;3.10645625010904e-07;0.00043893367504579814;0.0;0.0
347;0.07760532150776053;0.3208860097906735;3.106621903329556e-07;0.000438945547031359;0.0;0.0
348;0.07760532150776053;0.3208870800152776;3.1067875716988073e-07;0.00043895741979016147;0.0;0.0
349;0.07760532150776053;0.32088815028325224;3.106953255218761e-07;0.00043896929332228545;0.0;0.0
350;0.07760532150776053;0.3208892205946005;3.1071189538913615e-07;0.0004389811676278093;0.0;0.0
351;0.07760532150776053;0.3208902909493254;3.107284667718567e-07;0.0004389930427068129;0.0;0.0
352;0.07760532150776053;0.3208913613474309;3.1074503967023303e-07;0.000439004918559375;0.0;0.0
353;0.07760532150776053;0.3208924317889199;3.107616140844609e-07;0.00043901679518557513;0.0;0.0
354;0.07760532150776053;0.32089350227379587;3.107781900147362e-07;0.00043902867258549283;0.0;0.0
355;0.07760532150776053;0.3208945728020622;3.1079476746125436e-07;0.000439040550759207;0.0;0.0
356;0.07760532150776053;0.3208956433737221;3.1081134642421107e-07;0.00043905242970679716;0.0;0.0
357;0.07760532150776053;0.3208967139887791;3.1082792690380203e-07;0.0004390643094283426;0.0;0.0
358;0.07760532150776053;0.32089778464723656;3.10844508900223e-07;0.0004390761899239226;0.0;0.0
359;0.07760532150776053;0.3208988553490975;3.1086109241367e-07;0.0004390880711936167;0.0;0.0
360;0.07760532150776053;0.3208999260943659;3.108776774443388e-07;0.0004390999532375042;0.0;0.0
361;0.07760532150776053;0.32090099688304424;3.108942639924245e-07;0.00043911183605566394;0.0;0.0
362;0.07760532150776053;0.3209020677151366;3.1091085205812387e-07;0.000439123719648176;0.0;0.0
363;0.07760532150776053;0.3209031385906461;3.109274416416328e-07;0.0004391356040151195;0.0;0.0
364;0.07760532150776053;0.3209042095095759;3.109440327431464e-07;0.00043914748915657357;0.0;0.0
365;0.07760532150776053;0.32090528047192984;3.10960625362862e-07;0.0004391593750726184;0.0;0.0
366;0.07760532150776053;0.3209063514777106;3.10977219500974e-07;0.0004391712617633323;0.0;0.0
367;0.07760532150776053;0.32090742252692195;3.109938151576798e-07;0.0004391831492287957;0.0;0.0
368;0.07760532150776053;0.32090849361956714;3.1101041233317463e-07;0.00043919503746908743;0.0;0.0
369;0.07760532150776053;0.32090956475564963;3.11027011027655e-07;0.0004392069264842871;0.0;0.0
370;0.07760532150776053;0.3209106359351725;3.1104361124131723e-07;0.00043921881627447456;0.0;0.0
371;0.07760532150776053;0.3209117071581394;3.110602129743569e-07;0.00043923070683972866;0.0;0.0
372;0.07760532150776053;0.32091277842455346;3.110768162269709e-07;0.00043924259818012935;0.0;0.0
373;0.07760532150776053;0.3209138497344184;3.1109342099935513e-07;0.000439254490295756;0.0;0.0
374;0.07760532150776053;0.3209149210877373;3.111100272917057e-07;0.00043926638318668795;0.0;0.0
375;0.07760532150776053;0.32091599248451336;3.111266351042195e-07;0.0004392782768530052;0.0;0.0
376;0.07760532150776053;0.3209170639247502;3.11143244437092e-07;0.00043929017129478657;0.0;0.0
377;0.07760532150776053;0.32091813540845093;3.1115985529052017e-07;0.000439302066512112;0.0;0.0
378;0.07760532150776053;0.320919206935619;3.1117646766470027e-07;0.00043931396250506115;0.0;0.0
379;0.07760532150776053;0.3209202785062581;3.1119308155982893e-07;0.0004393258592737136;0.0;0.0
380;0.07760532150776053;0.32092135012037126;3.112096969761022e-07;0.0004393377568181485;0.0;0.0
381;0.07760532150776053;0.32092242177796165;3.1122631391371687e-07;0.00043934965513844584;0.0;0.0
382;0.07760532150776053;0.32092349347903293;3.1124293237286917e-07;0.00043936155423468493;0.0;0.0
383;0.07760532150776053;0.32092456522358853;3.112595523537565e-07;0.0004393734541069459;0.0;0.0
384;0.07760532150776053;0.3209256370116313;3.112761738565744e-07;0.0004393853547553077;0.0;0.0
385;0.07760532150776053;0.320926708843165;3.112927968815198e-07;0.0004393972561798502;0.0;0.0
386;0.07760532150776053;0.3209277807181931;3.113094214287898e-07;0.00043940915838065324;0.0;0.0
387;0.07760532150776053;0.3209288526367185;3.113260474985805e-07;0.0004394210613577962;0.0;0.0
388;0.07760532150776053;0.3209299245987451;3.113426750910892e-07;0.000439432965111359;0.0;0.0
389;0.07760532150776053;0.32093099660427593;3.113593042065128e-07;0.0004394448696414214;0.0;0.0
390;0.07760532150776053;0.32093206865331453;3.113759348450475e-07;0.0004394567749480629;0.0;0.0
391;0.07760532150776053;0.32093314074586404;3.1139256700689e-07;0.0004394686810313628;0.0;0.0
392;0.07760532150776053;0.32093421288192775;3.1140920069223796e-07;0.00043948058789140164;0.0;0.0
393;0.07760532150776053;0.3209352850615094;3.1142583590128796e-07;0.0004394924955282587;0.0;0.0
394;0.07760532150776053;0.3209363572846123;3.1144247263423647e-07;0.0004395044039420136;0.0;0.0
395;0.07760532150776053;0.3209374295512396;3.1145911089128095e-07;0.00043951631313274617;0.0;0.0
396;0.07760532150776053;0.3209385018613946;3.114757506726182e-07;0.0004395282231005363;0.0;0.0
397;0.07760532150776053;0.3209395742150809;3.1149239197844565e-07;0.0004395401338454639;0.0;0.0
398;0.07760532150776053;0.32094064661230187;3.1150903480895983e-07;0.0004395520453676084;0.0;0.0
399;0.07760532150776053;0.3209417190530605;3.115256791643578e-07;0.0004395639576670495;0.0;0.0
400;0.07760532150776053;0.32094279153736044;3.115423250448369e-07;0.0004395758707438673;0.0;0.0
401;0.07760532150776053;0.3209438640652051;3.1155897245059415e-07;0.00043958778459814147;0.0;0.0
402;0.07760532150776053;0.3209449366365977;3.115756213818272e-07;0.00043959969922995187;0.0;0.0
403;0.07760532150776053;0.3209460092515415;3.115922718387324e-07;0.0004396116146393781;0.0;0.0
404;0.07760532150776053;0.32094708191004023;3.116089238215082e-07;0.00043962353082650075;0.0;0.0
405;0.07760532150776053;0.32094815461209714;3.116255773303506e-07;0.00043963544779139865;0.0;0.0
406;0.07760532150776053;0.3209492273577154;3.116422323654579e-07;0.00043964736553415247;0.0;0.0
407;0.07760532150776053;0.32095030014689874;3.1165888892702723e-07;0.00043965928405484184;0.0;0.0
408;0.07760532150776053;0.3209513729796499;3.1167554701525563e-07;0.0004396712033535464;0.0;0.0
409;0.07760532150776053;0.32095244585597277;3.1169220663034076e-07;0.0004396831234303464;0.0;0.0
410;0.07760532150776053;0.3209535187758706;3.1170886777248033e-07;0.0004396950442853217;0.0;0.0
411;0.07760532150776053;0.32095459173934654;3.1172553044187145e-07;0.00043970696591855206;0.0;0.0
412;0.07760532150776053;0.32095566474640425;3.117421946387115e-07;0.00043971888833011733;0.0;0.0
413;0.07760532150776053;0.3209567377970466;3.117588603631983e-07;0.00043973081152009753;0.0;0.0
414;0.07760532150776053;0.3209578108912777;3.1177552761552945e-07;0.0004397427354885728;0.0;0.0
415;0.07760532150776053;0.32095888402910044;3.1179219639590276e-07;0.0004397546602356231;0.0;0.0
416;0.07760532150776053;0.3209599572105184;3.118088667045155e-07;0.00043976658576132824;0.0;0.0
417;0.07760532150776053;0.3209610304355348;3.118255385415653e-07;0.0004397785120657681;0.0;0.0
418;0.07760532150776053;0.32096210370415335;3.1184221190725063e-07;0.0004397904391490232;0.0;0.0
419;0.07760532150776053;0.320963177016377;3.118588868017685e-07;0.00043980236701117307;0.0;0.0
420;0.07760532150776053;0.3209642503722092;3.1187556322531676e-07;0.00043981429565229785;0.0;0.0
421;0.07760532150776053;0.3209653237716534;3.118922411780934e-07;0.00043982622507247757;0.0;0.0
422;0.07760532150776053;0.3209663972147129;3.119089206602962e-07;0.00043983815527179224;0.0;0.0
423;0.07760532150776053;0.3209674707013911;3.119256016721233e-07;0.00043985008625032224;0.0;0.0
424;0.07760532150776053;0.32096854423169136;3.119422842137724e-07;0.00043986201800814734;0.0;0.0
425;0.07760532150776053;0.3209696178056171;3.119589682854414e-07;0.0004398739505453476;0.0;0.0
426;0.07760532150776053;0.32097069142317175;3.11975653887328e-07;0.0004398858838620029;0.0;0.0
427;0.07760532150776053;0.3209717650843585;3.1199234101963073e-07;0.0004398978179581937;0.0;0.0
428;0.07760532150776053;0.32097283878918065;3.1200902968254717e-07;0.0004399097528339999;0.0;0.0
429;0.07760532150776053;0.3209739125376423;3.120257198762761e-07;0.00043992168848950203;0.0;0.0
430;0.07760532150776053;0.3209749863297458;3.12042411601015e-07;0.00043993362492477983;0.0;0.0
431;0.07760532150776053;0.3209760601654952;3.12059104856962e-07;0.0004399455621399133;0.0;0.0
432;0.07760532150776053;0.32097713404489353;3.120757996443156e-07;0.000439957500134983;0.0;0.0
433;0.07760532150776053;0.32097820796794446;3.1209249596327396e-07;0.00043996943891006895;0.0;0.0
434;0.07760532150776053;0.32097928193465114;3.1210919381403545e-07;0.00043998137846525137;0.0;0.0
435;0.07760532150776053;0.32098035594501706;3.121258931967981e-07;0.00043999331880061044;0.0;0.0
436;0.07760532150776053;0.32098142999904555;3.1214259411176e-07;0.0004400052599162261;0.0;0.0
437;0.07760532150776053;0.3209825040967401;3.121592965591203e-07;0.0004400172018121791;0.0;0.0
438;0.07760532150776053;0.32098357823810375;3.1217600053907657e-07;0.0004400291444885492;0.0;0.0
439;0.07760532150776053;0.32098465242314017;3.121927060518274e-07;0.00044004108794541664;0.0;0.0
440;0.07760532150776053;0.32098572665185265;3.1220941309757137e-07;0.0004400530321828618;0.0;0.0
441;0.07760532150776053;0.32098680092424486;3.122261216765074e-07;0.0004400649772009654;0.0;0.0
442;0.07760532150776053;0.32098787524031946;3.122428317888328e-07;0.0004400769229998065;0.0;0.0
443;0.07760532150776053;0.3209889496000805;3.1225954343474744e-07;0.0004400888695794668;0.0;0.0
444;0.07760532150776053;0.3209900240035314;3.1227625661444904e-07;0.0004401008169400256;0.0;0.0
445;0.07760532150776053;0.3209910984506751;3.122929713281368e-07;0.0004401127650815637;0.0;0.0
446;0.07760532150776053;0.3209921729415151;3.123096875760088e-07;0.00044012471400416126;0.0;0.0
447;0.07760532150776053;0.3209932474760549;3.1232640535826415e-07;0.0004401366637078986;0.0;0.0
448;0.07760532150776053;0.3209943220542978;3.12343124675101e-07;0.0004401486141928558;0.0;0.0
449;0.07760532150776053;0.32099539667624727;3.1235984552671907e-07;0.00044016056545911393;0.0;0.0
450;0.07760532150776053;0.3209964713419066;3.123765679133159e-07;0.0004401725175067524;0.0;0.0
451;0.07760532150776053;0.3209975460512791;3.1239329183509135e-07;0.00044018447033585244;0.0;0.0
452;0.07760532150776053;0.3209986208043684;3.124100172922436e-07;0.0004401964239464937;0.0;0.0
453;0.07760532150776053;0.3209996956011778;3.1242674428497173e-07;0.0004402083783387571;0.0;0.0
454;0.07760532150776053;0.32100077044171066;3.1244347281347515e-07;0.0004402203335127231;0.0;0.0
455;0.07760532150776053;0.3210018453259703;3.1246020287795206e-07;0.00044023228946847164;0.0;0.0
456;0.07760532150776053;0.32100292025396;3.1247693447860167e-07;0.0004402442462060834;0.0;0.0
457;0.07760532150776053;0.32100399522568324;3.124936676156231e-07;0.0004402562037256388;0.0;0.0
458;0.07760532150776053;0.32100507024114366;3.125104022892153e-07;0.0004402681620272183;0.0;0.0
459;0.07760532150776053;0.3210061453003442;3.125271384995772e-07;0.0004402801211109023;0.0;0.0
460;0.07760532150776053;0.32100722040328855;3.1254387624690835e-07;0.00044029208097677157;0.0;0.0
461;0.07760532150776053;0.32100829554997995;3.1256061553140713e-07;0.000440304041624906;0.0;0.0
462;0.07760532150776053;0.3210093707404219;3.125773563532739e-07;0.00044031600305538684;0.0;0.0
463;0.07760532150776053;0.32101044597461775;3.1259409871270645e-07;0.00044032796526829375;0.0;0.0
464;0.07760532150776053;0.32101152125257076;3.126108426099052e-07;0.0004403399282637079;0.0;0.0
465;0.07760532150776053;0.32101259657428477;3.1262758804506893e-07;0.0004403518920417097;0.0;0.0
466;0.07760532150776053;0.3210136719397626;3.12644335018397e-07;0.0004403638566023796;0.0;0.0
467;0.07760532150776053;0.3210147473490079;3.1266108353008863e-07;0.000440375821945798;0.0;0.0
468;0.07760532150776053;0.32101582280202395;3.1267783358034313e-07;0.0004403877880720456;0.0;0.0
469;0.07760532150776053;0.32101689829881436;3.126945851693608e-07;0.00044039975498120343;0.0;0.0
470;0.07760532150776053;0.32101797383938235;3.127113382973394e-07;0.000440411722673351;0.0;0.0
471;0.07760532150776053;0.3210190494237314;3.127280929644801e-07;0.00044042369114856997;0.0;0.0
472;0.07760532150776053;0.3210201250518648;3.127448491709812e-07;0.0004404356604069403;0.0;0.0
473;0.07760532150776053;0.3210212007237859;3.127616069170428e-07;0.0004404476304485428;0.0;0.0
474;0.07760532150776053;0.3210222764394981;3.127783662028647e-07;0.00044045960127345836;0.0;0.0
475;0.07760532150776053;0.32102335219900496;3.127951270286464e-07;0.00044047157288176753;0.0;0.0
476;0.07760532150776053;0.3210244280023097;3.128118893945867e-07;0.00044048354527355036;0.0;0.0
477;0.07760532150776053;0.3210255038494158;3.1282865330088613e-07;0.00044049551844888815;0.0;0.0
478;0.07760532150776053;0.32102657974032683;3.1284541874774417e-07;0.00044050749240786137;0.0;0.0
479;0.07760532150776053;0.3210276556750459;3.128621857353603e-07;0.00044051946715055067;0.0;0.0
480;0.07760532150776053;0.3210287316535764;3.128789542639348e-07;0.0004405314426770368;0.0;0.0
481;0.07760532150776053;0.3210298076759218;3.128957243336669e-07;0.00044054341898740033;0.0;0.0
482;0.07760532150776053;0.3210308837420856;3.1291249594475727e-07;0.00044055539608172246;0.0;0.0
483;0.07760532150776053;0.32103195985207095;3.129292690974048e-07;0.0004405673739600833;0.0;0.0
484;0.07760532150776053;0.32103303600588146;3.1294604379181016e-07;0.000440579352622564;0.0;0.0
485;0.07760532150776053;0.3210341122035205;3.1296282002817266e-07;0.00044059133206924493;0.0;0.0
486;0.07760532150776053;0.32103518844499135;3.12979597806693e-07;0.0004406033123002074;0.0;0.0
487;0.07760532150776053;0.3210362647302976;3.1299637712757083e-07;0.0004406152933155319;0.0;0.0
488;0.07760532150776053;0.3210373410594425;3.1301315799100603e-07;0.0004406272751152992;0.0;0.0
489;0.07760532150776053;0.32103841743242945;3.130299403971989e-07;0.00044063925769959007;0.0;0.0
490;0.07760532150776053;0.321039493849262;3.130467243463495e-07;0.00044065124106848545;0.0;0.0
491;0.07760532150776053;0.3210405703099432;3.1306350983865753e-07;0.00044066322522206576;0.0;0.0
492;0.07760532150776053;0.3210416468144769;3.1308029687432394e-07;0.0004406752101604125;0.0;0.0
493;0.07760532150776053;0.32104272336286616;3.130970854535485e-07;0.000440687195883606;0.0;0.0
494;0.07760532150776053;0.3210437999551144;3.1311387557653144e-07;0.0004406991823917273;0.0;0.0
495;0.07760532150776053;0.32104487659122527;3.1313066724347325e-07;0.00044071116968485725;0.0;0.0
496;0.07760532150776053;0.32104595327120183;3.131474604545739e-07;0.00044072315776307676;0.0;0.0
497;0.07760532150776053;0.32104702999504775;3.1316425521003416e-07;0.0004407351466264667;0.0;0.0
498;0.07760532150776053;0.32104810676276624;3.1318105151005413e-07;0.00044074713627510786;0.0;0.0
499;0.07760532150776053;0.321049183574361;3.131978493548341e-07;0.0004407591267090813;0.0;0.0
500;0.07760532150776053;0.3210502604298351;3.1321464874457506e-07;0.00044077111792846806;0.0;0.0
501;0.07760532150776053;0.32105133732919217;3.132314496794771e-07;0.000440783109933349;0.0;0.0
502;0.07760532150776053;0.3210524142724355;3.1324825215974066e-07;0.0004407951027238049;0.0;0.0
503;0.07760532150776053;0.32105349125956845;3.1326505618556624e-07;0.0004408070962999166;0.0;0.0
504;0.07760532150776053;0.3210545682905944;3.1328186175715437e-07;0.0004408190906617652;0.0;0.0
505;0.07760532150776053;0.321055645365517;3.132986688747061e-07;0.0004408310858094319;0.0;0.0
506;0.07760532150776053;0.3210567224843395;3.133154775384219e-07;0.0004408430817429977;0.0;0.0
507;0.07760532150776053;0.3210577996470651;3.133322877485022e-07;0.00044085507846254325;0.0;0.0
508;0.07760532150776053;0.3210588768536976;3.1334909950514805e-07;0.0004408670759681499;0.0;0.0
509;0.07760532150776053;0.32105995410424015;3.1336591280855997e-07;0.0004408790742598985;0.0;0.0
510;0.07760532150776053;0.32106103139869624;3.133827276589393e-07;0.0004408910733378706;0.0;0.0
511;0.07760532150776053;0.3210621087370693;3.1339954405648585e-07;0.0004409030732021463;0.0;0.0
512;0.07760532150776053;0.3210631861193627;3.1341636200140146e-07;0.0004409150738528075;0.0;0.0
513;0.07760532150776053;0.3210642635455795;3.1343318149388566e-07;0.00044092707528993436;0.0;0.0
514;0.07760532150776053;0.3210653410157236;3.134500025341406e-07;0.0004409390775136088;0.0;0.0
515;0.07760532150776053;0.321066418529798;3.134668251223666e-07;0.00044095108052391135;0.0;0.0
516;0.07760532150776053;0.3210674960878068;3.1348364925876457e-07;0.00044096308432092334;0.0;0.0
517;0.07760532150776053;0.3210685736897527;3.1350047494353686e-07;0.0004409750889047266;0.0;0.0
518;0.07760532150776053;0.32106965133563936;3.135173021768828e-07;0.000440987094275401;0.0;0.0
519;0.07760532150776053;0.3210707290254701;3.1353413095900427e-07;0.0004409991004330285;0.0;0.0
520;0.07760532150776053;0.3210718067592486;3.135509612901023e-07;0.00044101110737768996;0.0;0.0
521;0.07760532150776053;0.3210728845369779;3.1356779317037783e-07;0.0004410231151094666;0.0;0.0
522;0.07760532150776053;0.32107396235866165;3.1358462660003256e-07;0.0004410351236284397;0.0;0.0
523;0.07760532150776053;0.3210750402243034;3.1360146157926715e-07;0.00044104713293469024;0.0;0.0
524;0.07760532150776053;0.32107611813390613;3.13618298108283e-07;0.00044105914302829954;0.0;0.0
525;0.07760532150776053;0.3210771960874735;3.1363513618728135e-07;0.00044107115390934877;0.0;0.0
526;0.07760532150776053;0.321078274085009;3.136519758164642e-07;0.0004410831655779194;0.0;0.0
527;0.07760532150776053;0.32107935212651584;3.136688169960319e-07;0.00044109517803409226;0.0;0.0
528;0.07760532150776053;0.3210804302119977;3.1368565972618625e-07;0.00044110719127794866;0.0;0.0
529;0.07760532150776053;0.3210815083414577;3.137025040071286e-07;0.00044111920530957014;0.0;0.0
530;0.07760532150776053;0.32108258651489935;3.137193498390607e-07;0.0004411312201290377;0.0;0.0
531;0.07760532150776053;0.3210836647323264;3.137361972221835e-07;0.00044114323573643267;0.0;0.0
532;0.07760532150776053;0.32108474299374146;3.137530461566993e-07;0.00044115525213183655;0.0;0.0
533;0.07760532150776053;0.321085821299149;3.1376989664280926e-07;0.0004411672693153305;0.0;0.0
534;0.07760532150776053;0.32108689964855147;3.1378674868071444e-07;0.0004411792872869955;0.0;0.0
535;0.07760532150776053;0.32108797804195305;3.13803602270617e-07;0.0004411913060469133;0.0;0.0
536;0.07760532150776053;0.3210890564793562;3.1382045741271834e-07;0.000441203325595165;0.0;0.0
537;0.07760532150776053;0.3210901349607654;3.138373141072207e-07;0.00044121534593183223;0.0;0.0
538;0.07760532150776053;0.3210912134861837;3.138541723543255e-07;0.00044122736705699627;0.0;0.0
539;0.07760532150776053;0.32109229205561424;3.138710321542342e-07;0.00044123938897073817;0.0;0.0
540;0.07760532150776053;0.32109337066906063;3.138878935071489e-07;0.0004412514116731398;0.0;0.0
541;0.07760532150776053;0.3210944493265263;3.1390475641327136e-07;0.00044126343516428206;0.0;0.0
542;0.07760532150776053;0.3210955280280146;3.1392162087280365e-07;0.00044127545944424673;0.0;0.0
543;0.07760532150776053;0.32109660677352897;3.139384868859468e-07;0.00044128748451311475;0.0;0.0
544;0.07760532150776053;0.3210976855630726;3.1395535445290383e-07;0.0004412995103709681;0.0;0.0
545;0.07760532150776053;0.3210987643966496;3.139722235738763e-07;0.00044131153701788817;0.0;0.0
546;0.07760532150776053;0.32109984327426283;3.1398909424906603e-07;0.00044132356445395594;0.0;0.0
547;0.07760532150776053;0.3211009221959157;3.1400596647867475e-07;0.00044133559267925306;0.0;0.0
548;0.07760532150776053;0.32110200116161175;3.140228402629051e-07;0.0004413476216938611;0.0;0.0
549;0.07760532150776053;0.32110308017135447;3.140397156019587e-07;0.0004413596514978614;0.0;0.0
550;0.07760532150776053;0.321104159225147;3.1405659249603824e-07;0.00044137168209133564;0.0;0.0
551;0.07760532150776053;0.3211052383229932;3.1407347094534594e-07;0.00044138371347436563;0.0;0.0
552;0.07760532150776053;0.3211063174648963;3.1409035095008316e-07;0.0004413957456470322;0.0;0.0
553;0.07760532150776053;0.3211073966508597;3.1410723251045283e-07;0.00044140777860941717;0.0;0.0
554;0.07760532150776053;0.3211084758808866;3.141241156266569e-07;0.00044141981236160227;0.0;0.0
555;0.07760532150776053;0.3211095551549808;3.141410002988977e-07;0.00044143184690366866;0.0;0.0
556;0.07760532150776053;0.32111063447314536;3.1415788652737797e-07;0.00044144388223569847;0.0;0.0
557;0.07760532150776053;0.3211117138353841;3.141747743122997e-07;0.00044145591835777285;0.0;0.0
558;0.07760532150776053;0.3211127932417002;3.141916636538648e-07;0.00044146795526997317;0.0;0.0
559;0.07760532150776053;0.3211138726920971;3.1420855455227687e-07;0.00044147999297238167;0.0;0.0
560;0.07760532150776053;0.3211149521865784;3.142254470077378e-07;0.0004414920314650797;0.0;0.0
561;0.07760532150776053;0.321116031725147;3.142423410204495e-07;0.00044150407074814845;0.0;0.0
562;0.07760532150776053;0.3211171113078071;3.1425923659061526e-07;0.00044151611082167;0.0;0.0
563;0.07760532150776053;0.32111819093456156;3.1427613371843734e-07;0.0004415281516857259;0.0;0.0
564;0.07760532150776053;0.3211192706054139;3.142930324041186e-07;0.000441540193340398;0.0;0.0
565;0.07760532150776053;0.3211203503203678;3.1430993264786176e-07;0.0004415522357857678;0.0;0.0
566;0.07760532150776053;0.3211214300794262;3.1432683444986855e-07;0.0004415642790219165;0.0;0.0
567;0.07760532150776053;0.3211225098825931;3.1434373781034276e-07;0.00044157632304892653;0.0;0.0
568;0.07760532150776053;0.3211235897298716;3.143606427294865e-07;0.00044158836786687913;0.0;0.0
569;0.07760532150776053;0.3211246696212652;3.1437754920750294e-07;0.00044160041347585626;0.0;0.0
570;0.07760532150776053;0.32112574955677725;3.1439445724459465e-07;0.00044161245987593955;0.0;0.0
571;0.07760532150776053;0.3211268295364111;3.1441136684096454e-07;0.00044162450706721076;0.0;0.0
572;0.07760532150776053;0.3211279095601707;3.144282779968156e-07;0.00044163655504975174;0.0;0.0
573;0.07760532150776053;0.32112898962805886;3.1444519071235035e-07;0.0004416486038236439;0.0;0.0
574;0.07760532150776053;0.3211300697400792;3.144621049877722e-07;0.0004416606533889693;0.0;0.0
575;0.07760532150776053;0.3211311498962352;3.14479020823284e-07;0.00044167270374580983;0.0;0.0
576;0.07760532150776053;0.32113223009653047;3.144959382190884e-07;0.00044168475489424696;0.0;0.0
577;0.07760532150776053;0.3211333103409681;3.14512857175389e-07;0.0004416968068343626;0.0;0.0
578;0.07760532150776053;0.32113439062955174;3.1452977769238827e-07;0.0004417088595662386;0.0;0.0
579;0.07760532150776053;0.3211354709622848;3.145466997702902e-07;0.000441720913089957;0.0;0.0
580;0.07760532150776053;0.3211365513391707;3.14563623409297e-07;0.00044173296740559933;0.0;0.0
581;0.07760532150776053;0.3211376317602129;3.1458054860961234e-07;0.00044174502251324746;0.0;0.0
582;0.07760532150776053;0.32113871222541496;3.1459747537143975e-07;0.00044175707841298366;0.0;0.0
583;0.07760532150776053;0.32113979273477977;3.146144036949814e-07;0.0004417691351048891;0.0;0.0
584;0.07760532150776053;0.32114087328831137;3.146313335804417e-07;0.0004417811925890462;0.0;0.0
585;0.07760532150776053;0.32114195388601285;3.1464826502802354e-07;0.00044179325086553684;0.0;0.0
586;0.07760532150776053;0.3211430345278877;3.1466519803793013e-07;0.00044180530993444267;0.0;0.0
587;0.07760532150776053;0.32114411521393965;3.1468213261036465e-07;0.00044181736979584553;0.0;0.0
588;0.07760532150776053;0.32114519594417174;3.146990687455311e-07;0.0004418294304498277;0.0;0.0
589;0.07760532150776053;0.3211462767185874;3.147160064436323e-07;0.0004418414918964706;0.0;0.0
590;0.07760532150776053;0.3211473575371906;3.147329457048726e-07;0.0004418535541358571;0.0;0.0
591;0.07760532150776053;0.3211484383999842;3.14749886529455e-07;0.0004418656171680685;0.0;0.0
592;0.07760532150776053;0.32114951930697183;3.1476682891758305e-07;0.0004418776809931869;0.0;0.0
593;0.07760532150776053;0.32115060025815667;3.147837728694598e-07;0.00044188974561129384;0.0;0.0
594;0.07760532150776053;0.32115168125354276;3.148007183852899e-07;0.0004419018110224721;0.0;0.0
595;0.07760532150776053;0.32115276229313305;3.1481766546527664e-07;0.00044191387722680335;0.0;0.0
596;0.07760532150776053;0.3211538433769313;3.1483461410962335e-07;0.00044192594422436945;0.0;0.0
597;0.07760532150776053;0.32115492450494065;3.1485156431853415e-07;0.0004419380120152527;0.0;0.0
598;0.07760532150776053;0.3211560056771646;3.1486851609221275e-07;0.00044195008059953517;0.0;0.0
599;0.07760532150776053;0.32115708689360656;3.1488546943086264e-07;0.00044196214997729844;0.0;0.0
600;0.07760532150776053;0.3211581681542704;3.1490242433468823e-07;0.00044197422014862533;0.0;0.0
601;0.07760532150776053;0.32115924945915914;3.149193808038927e-07;0.00044198629111359716;0.0;0.0
602;0.07760532150776053;0.32116033080827633;3.149363388386806e-07;0.0004419983628722967;0.0;0.0
603;0.07760532150776053;0.3211614122016252;3.1495329843925535e-07;0.00044201043542480543;0.0;0.0
604;0.07760532150776053;0.32116249363920957;3.149702596058213e-07;0.0004420225087712061;0.0;0.0
605;0.07760532150776053;0.3211635751210324;3.1498722233858207e-07;0.00044203458291158034;0.0;0.0
606;0.07760532150776053;0.3211646566470976;3.150041866377419e-07;0.0004420466578460104;0.0;0.0
607;0.07760532150776053;0.3211657382174084;3.15021152503505e-07;0.0004420587335745785;0.0;0.0
608;0.07760532150776053;0.3211668198319685;3.1503811993607554e-07;0.00044207081009736704;0.0;0.0
609;0.07760532150776053;0.321167901490781;3.150550889356571e-07;0.0004420828874144577;0.0;0.0
610;0.07760532150776053;0.3211689831938495;3.1507205950245426e-07;0.00044209496552593294;0.0;0.0
611;0.07760532150776053;0.32117006494117745;3.1508903163667113e-07;0.0004421070444318749;0.0;0.0
612;0.07760532150776053;0.3211711467327681;3.151060053385121e-07;0.00044211912413236583;0.0;0.0
613;0.07760532150776053;0.3211722285686253;3.151229806081814e-07;0.0004421312046274881;0.0;0.0
614;0.07760532150776053;0.3211733104487521;3.151399574458833e-07;0.00044214328591732366;0.0;0.0
615;0.07760532150776053;0.321174392373152;3.15156935851822e-07;0.0004421553680019549;0.0;0.0
616;0.07760532150776053;0.32117547434182886;3.1517391582620176e-07;0.0004421674508814638;0.0;0.0
617;0.07760532150776053;0.32117655635478554;3.151908973692277e-07;0.0004421795345559332;0.0;0.0
618;0.07760532150776053;0.321177638412026;3.1520788048110356e-07;0.000442191619025445;0.0;0.0
619;0.07760532150776053;0.3211787205135533;3.152248651620342e-07;0.00044220370429008145;0.0;0.0
620;0.07760532150776053;0.3211798026593708;3.152418514122235e-07;0.0004422157903499248;0.0;0.0
621;0.07760532150776053;0.3211808848494826;3.152588392318769e-07;0.0004422278772050577;0.0;0.0
622;0.07760532150776053;0.3211819670838915;3.152758286211982e-07;0.00044223996485556185;0.0;0.0
623;0.07760532150776053;0.3211830493626011;3.1529281958039266e-07;0.00044225205330152034;0.0;0.0
624;0.07760532150776053;0.32118413168561494;3.1530981210966444e-07;0.000442264142543015;0.0;0.0
625;0.07760532150776053;0.32118521405293665;3.153268062092185e-07;0.00044227623258012835;0.0;0.0
626;0.07760532150776053;0.32118629646456937;3.1534380187925994e-07;0.00044228832341294317;0.0;0.0
627;0.07760532150776053;0.32118737892051696;3.1536079911999267e-07;0.0004423004150415411;0.0;0.0
628;0.07760532150776053;0.32118846142078206;3.153777979316219e-07;0.0004423125074660049;0.0;0.0
629;0.07760532150776053;0.32118954396536914;3.1539479831435273e-07;0.000442324600686417;0.0;0.0
630;0.07760532150776053;0.32119062655428093;3.154118002683897e-07;0.00044233669470285995;0.0;0.0
631;0.07760532150776053;0.3211917091875213;3.154288037939378e-07;0.000442348789515416;0.0;0.0
632;0.07760532150776053;0.32119279186509325;3.154458088912017e-07;0.0004423608851241673;0.0;0.0
633;0.07760532150776053;0.32119387458700066;3.154628155603868e-07;0.00044237298152919685;0.0;0.0
634;0.07760532150776053;0.32119495735324677;3.154798238016974e-07;0.0004423850787305865;0.0;0.0
635;0.07760532150776053;0.321196040163835;3.1549683361533946e-07;0.0004423971767284194;0.0;0.0
636;0.07760532150776053;0.3211971230187691;3.155138450015175e-07;0.0004424092755227777;0.0;0.0
637;0.07760532150776053;0.32119820591805215;3.1553085796043685e-07;0.000442421375113744;0.0;0.0
638;0.07760532150776053;0.3211992888616878;3.155478724923024e-07;0.0004424334755014007;0.0;0.0
639;0.07760532150776053;0.32120037184967964;3.1556488859731927e-07;0.0004424455766858303;0.0;0.0
640;0.07760532150776053;0.3212014548820309;3.1558190627569324e-07;0.0004424576786671155;0.0;0.0
641;0.07760532150776053;0.32120253795874504;3.155989255276284e-07;0.0004424697814453383;0.0;0.0
642;0.07760532150776053;0.3212036210798255;3.1561594635333114e-07;0.000442481885020582;0.0;0.0
643;0.07760532150776053;0.32120470424527586;3.156329687530065e-07;0.0004424939893929289;0.0;0.0
644;0.07760532150776053;0.32120578745509926;3.156499927268592e-07;0.0004425060945624613;0.0;0.0
645;0.07760532150776053;0.3212068707092998;3.156670182750956e-07;0.00044251820052926207;0.0;0.0
646;0.07760532150776053;0.3212079540078803;3.1568404539792013e-07;0.00044253030729341376;0.0;0.0
647;0.07760532150776053;0.32120903735084455;3.1570107409553884e-07;0.00044254241485499886;0.0;0.0
648;0.07760532150776053;0.32121012073819605;3.157181043681573e-07;0.0004425545232141003;0.0;0.0
649;0.07760532150776053;0.321211204169938;3.157351362159807e-07;0.0004425666323708004;0.0;0.0
650;0.07760532150776053;0.321212287646074;3.157521696392143e-07;0.0004425787423251818;0.0;0.0
651;0.07760532150776053;0.32121337116660775;3.1576920463806484e-07;0.0004425908530773277;0.0;0.0
652;0.07760532150776053;0.3212144547315424;3.1578624121273684e-07;0.00044260296462732013;0.0;0.0
653;0.07760532150776053;0.32121553834088157;3.1580327936343663e-07;0.00044261507697524236;0.0;0.0
654;0.07760532150776053;0.3212166219946285;3.1582031909036923e-07;0.0004426271901211766;0.0;0.0
655;0.07760532150776053;0.3212177056927868;3.158373603937406e-07;0.0004426393040652055;0.0;0.0
656;0.07760532150776053;0.32121878943536003;3.158544032737566e-07;0.00044265141880741194;0.0;0.0
657;0.07760532150776053;0.3212198732223515;3.158714477306229e-07;0.00044266353434787876;0.0;0.0
658;0.07760532150776053;0.32122095705376463;3.158884937645457e-07;0.00044267565068668873;0.0;0.0
659;0.07760532150776053;0.3212220409296032;3.159055413757306e-07;0.00044268776782392454;0.0;0.0
660;0.07760532150776053;0.32122312484987026;3.1592259056438346e-07;0.0004426998857596689;0.0;0.0
661;0.07760532150776053;0.3212242088145694;3.159396413307102e-07;0.00044271200449400456;0.0;0.0
662;0.07760532150776053;0.3212252928237045;3.159566936749168e-07;0.00044272412402701443;0.0;0.0
663;0.07760532150776053;0.32122637687727845;3.159737475972096e-07;0.00044273624435878136;0.0;0.0
664;0.07760532150776053;0.3212274609752948;3.15990803097794e-07;0.0004427483654893879;0.0;0.0
665;0.07760532150776053;0.32122854511775745;3.1600786017687663e-07;0.0004427604874189171;0.0;0.0
666;0.07760532150776053;0.32122962930466953;3.160249188346633e-07;0.00044277261014745185;0.0;0.0
667;0.07760532150776053;0.3212307135360345;3.1604197907136003e-07;0.0004427847336750746;0.0;0.0
668;0.07760532150776053;0.3212317978118557;3.160590408871729e-07;0.0004427968580018683;0.0;0.0
669;0.07760532150776053;0.321232882132137;3.1607610428230895e-07;0.00044280898312791647;0.0;0.0
670;0.07760532150776053;0.3212339664968816;3.160931692569732e-07;0.00044282110905330104;0.0;0.0
671;0.07760532150776053;0.32123505090609283;3.161102358113727e-07;0.0004428332357781055;0.0;0.0
672;0.07760532150776053;0.32123613535977463;3.1612730394571395e-07;0.0004428453633024128;0.0;0.0
673;0.07760532150776053;0.32123721985792997;3.1614437366020284e-07;0.00044285749162630575;0.0;0.0
674;0.07760532150776053;0.32123830440056234;3.161614449550457e-07;0.0004428696207498669;0.0;0.0
675;0.07760532150776053;0.3212393889876755;3.161785178304492e-07;0.0004428817506731797;0.0;0.0
676;0.07760532150776053;0.32124047361927305;3.161955922866197e-07;0.00044289388139632683;0.0;0.0
677;0.07760532150776053;0.32124155829535816;3.162126683237639e-07;0.00044290601291939143;0.0;0.0
678;0.07760532150776053;0.32124264301593447;3.1622974594208836e-07;0.00044291814524245667;0.0;0.0
679;0.07760532150776053;0.32124372778100546;3.1624682514179936e-07;0.0004429302783656051;0.0;0.0
680;0.07760532150776053;0.3212448125905742;3.1626390592310326e-07;0.0004429424122889198;0.0;0.0
681;0.07760532150776053;0.3212458974446445;3.16280988286207e-07;0.00044295454701248377;0.0;0.0
682;0.07760532150776053;0.32124698234321997;3.162980722313174e-07;0.0004429666825363805;0.0;0.0
683;0.07760532150776053;0.3212480672863037;3.163151577586407e-07;0.0004429788188606923;0.0;0.0
684;0.07760532150776053;0.3212491522738994;3.1633224486838375e-07;0.0004429909559855025;0.0;0.0
685;0.07760532150776053;0.32125023730601054;3.1634933356075345e-07;0.0004430030939108943;0.0;0.0
686;0.07760532150776053;0.32125132238264065;3.1636642383595716e-07;0.00044301523263695094;0.0;0.0
687;0.07760532150776053;0.32125240750379297;3.1638351569420075e-07;0.0004430273721637551;0.0;0.0
688;0.07760532150776053;0.32125349266947123;3.1640060913569144e-07;0.0004430395124913899;0.0;0.0
689;0.07760532150776053;0.3212545778796787;3.164177041606361e-07;0.00044305165361993863;0.0;0.0
690;0.07760532150776053;0.32125566313441906;3.164348007692417e-07;0.0004430637955494843;0.0;0.0
691;0.07760532150776053;0.3212567484336957;3.1645189896171576e-07;0.00044307593828011053;0.0;0.0
692;0.07760532150776053;0.3212578337775121;3.164689987382644e-07;0.0004430880818118996;0.0;0.0
693;0.07760532150776053;0.32125891916587135;3.1648610009909453e-07;0.00044310022614493485;0.0;0.0
694;0.07760532150776053;0.3212600045987775;3.165032030444142e-07;0.00044311237127929996;0.0;0.0
695;0.07760532150776053;0.32126109007623393;3.165203075744301e-07;0.00044312451721507793;0.0;0.0
696;0.07760532150776053;0.32126217559824405;3.165374136893492e-07;0.0004431366639523516;0.0;0.0
697;0.07760532150776053;0.32126326116481124;3.165545213893792e-07;0.0004431488114912048;0.0;0.0
698;0.07760532150776053;0.321264346775939;3.165716306747267e-07;0.0004431609598317202;0.0;0.0
699;0.07760532150776053;0.32126543243163097;3.165887415455993e-07;0.0004431731089739812;0.0;0.0
700;0.07760532150776053;0.3212665181318903;3.166058540022036e-07;0.00044318525891807054;0.0;0.0
701;0.07760532150776053;0.321267603876721;3.1662296804474796e-07;0.00044319740966407246;0.0;0.0
702;0.07760532150776053;0.3212686896661262;3.1664008367343957e-07;0.00044320956121206973;0.0;0.0
703;0.07760532150776053;0.32126977550010893;3.1665720088848455e-07;0.000443221713562145;0.0;0.0
704;0.07760532150776053;0.3212708613786733;3.16674319690092e-07;0.0004432338667143827;0.0;0.0
705;0.07760532150776053;0.3212719473018229;3.1669144007846854e-07;0.0004432460206688653;0.0;0.0
706;0.07760532150776053;0.32127303326956075;3.167085620538216e-07;0.0004432581754256763;0.0;0.0
707;0.07760532150776053;0.3212741192818906;3.167256856163592e-07;0.0004432703309848993;0.0;0.0
708;0.07760532150776053;0.32127520533881593;3.1674281076628836e-07;0.00044328248734661725;0.0;0.0
709;0.07760532150776053;0.32127629144034003;3.167599375038169e-07;0.0004432946445109136;0.0;0.0
710;0.07760532150776053;0.32127737758646663;3.167770658291528e-07;0.000443306802477872;0.0;0.0
711;0.07760532150776053;0.321278463777199;3.1679419574250314e-07;0.0004433189612475753;0.0;0.0
712;0.07760532150776053;0.32127955001254094;3.168113272440759e-07;0.0004433311208201071;0.0;0.0
713;0.07760532150776053;0.3212806362924956;3.1682846033407904e-07;0.0004433432811955511;0.0;0.0
714;0.07760532150776053;0.32128172261706667;3.1684559501272e-07;0.00044335544237399034;0.0;0.0
715;0.07760532150776053;0.32128280898625744;3.1686273128020676e-07;0.0004433676043555083;0.0;0.0
716;0.07760532150776053;0.32128389540007146;3.1687986913674713e-07;0.0004433797671401885;0.0;0.0
717;0.07760532150776053;0.32128498185851234;3.168970085825489e-07;0.00044339193072811416;0.0;0.0
718;0.07760532150776053;0.3212860683615834;3.169141496178201e-07;0.0004434040951193689;0.0;0.0
719;0.07760532150776053;0.3212871549092884;3.169312922427688e-07;0.0004434162603140363;0.0;0.0
720;0.07760532150776053;0.32128824150163054;3.1694843645760275e-07;0.00044342842631219957;0.0;0.0
721;0.07760532150776053;0.3212893281386135;3.169655822625299e-07;0.00044344059311394226;0.0;0.0
722;0.07760532150776053;0.3212904148202405;3.1698272965775827e-07;0.00044345276071934775;0.0;0.0
723;0.07760532150776053;0.3212915015465153;3.169998786434963e-07;0.00044346492912849975;0.0;0.0
724;0.07760532150776053;0.32129258831744134;3.170170292199518e-07;0.0004434770983414816;0.0;0.0
725;0.07760532150776053;0.3212936751330218;3.170341813873332e-07;0.0004434892683583771;0.0;0.0
726;0.07760532150776053;0.3212947619932607;3.170513351458486e-07;0.00044350143917926957;0.0;0.0
727;0.07760532150776053;0.32129584889816104;3.170684904957062e-07;0.0004435136108042427;0.0;0.0
728;0.07760532150776053;0.3212969358477268;3.170856474371139e-07;0.0004435257832333798;0.0;0.0
729;0.07760532150776053;0.3212980228419612;3.171028059702808e-07;0.0004435379564667647;0.0;0.0
730;0.07760532150776053;0.32129910988086774;3.171199660954149e-07;0.00044355013050448116;0.0;0.0
731;0.07760532150776053;0.3213001969644498;3.1713712781272435e-07;0.0004435623053466124;0.0;0.0
732;0.07760532150776053;0.3213012840927113;3.171542911224178e-07;0.0004435744809932422;0.0;0.0
733;0.07760532150776053;0.32130237126565503;3.1717145602470325e-07;0.00044358665744445407;0.0;0.0
734;0.07760532150776053;0.3213034584832849;3.171886225197894e-07;0.0004435988347003315;0.0;0.0
735;0.07760532150776053;0.3213045457456046;3.1720579060788547e-07;0.0004436110127609588;0.0;0.0
736;0.07760532150776053;0.3213056330526174;3.1722296028919904e-07;0.000443623191626419;0.0;0.0
737;0.07760532150776053;0.3213067204043267;3.172401315639391e-07;0.00044363537129679594;0.0;0.0
738;0.07760532150776053;0.32130780780073614;3.1725730443231427e-07;0.0004436475517721734;0.0;0.0
739;0.07760532150776053;0.3213088952418492;3.1727447889453336e-07;0.0004436597330526351;0.0;0.0
740;0.07760532150776053;0.3213099827276694;3.1729165495080504e-07;0.00044367191513826484;0.0;0.0
741;0.07760532150776053;0.32131107025820005;3.1730883260133757e-07;0.00044368409802914585;0.0;0.0
742;0.07760532150776053;0.32131215783344474;3.1732601184634e-07;0.00044369628172536227;0.0;0.0
743;0.07760532150776053;0.3213132454534073;3.173431926860209e-07;0.0004437084662269974;0.0;0.0
744;0.07760532150776053;0.32131433311809043;3.173603751205896e-07;0.00044372065153413577;0.0;0.0
745;0.07760532150776053;0.32131542082749837;3.1737755915025447e-07;0.00044373283764686047;0.0;0.0
746;0.07760532150776053;0.32131650858163463;3.1739474477522506e-07;0.00044374502456525565;0.0;0.0
747;0.07760532150776053;0.32131759638050217;3.1741193199570925e-07;0.00044375721228940467;0.0;0.0
748;0.07760532150776053;0.32131868422410476;3.174291208119169e-07;0.0004437694008193919;0.0;0.0
749;0.07760532150776053;0.32131977211244617;3.1744631122405693e-07;0.0004437815901553008;0.0;0.0
750;0.07760532150776053;0.3213208600455294;3.1746350323233805e-07;0.00044379378029721524;0.0;0.0
751;0.07760532150776053;0.32132194802335834;3.174806968369694e-07;0.000443805971245219;0.0;0.0
752;0.07760532150776053;0.3213230360459362;3.174978920381602e-07;0.00044381816299939606;0.0;0.0
753;0.07760532150776053;0.3213241241132669;3.175150888361196e-07;0.0004438303555598302;0.0;0.0
754;0.07760532150776053;0.3213252122253536;3.1753228723105656e-07;0.0004438425489266053;0.0;0.0
755;0.07760532150776053;0.32132630038219967;3.1754948722318087e-07;0.0004438547430998054;0.0;0.0
756;0.07760532150776053;0.3213273885838089;3.1756668881270123e-07;0.0004438669380795143;0.0;0.0
757;0.07760532150776053;0.32132847683018473;3.1758389199982715e-07;0.0004438791338658159;0.0;0.0
758;0.07760532150776053;0.32132956512133065;3.176010967847676e-07;0.00044389133045879387;0.0;0.0
759;0.07760532150776053;0.32133065345725015;3.176183031677325e-07;0.0004439035278585324;0.0;0.0
760;0.07760532150776053;0.3213317418379467;3.1763551114893094e-07;0.00044391572606511555;0.0;0.0
761;0.07760532150776053;0.3213328302634241;3.176527207285728e-07;0.00044392792507862736;0.0;0.0
762;0.07760532150776053;0.3213339187336853;3.176699319068665e-07;0.00044394012489915095;0.0;0.0
763;0.07760532150776053;0.32133500724873426;3.1768714468402294e-07;0.0004439523255267716;0.0;0.0
764;0.07760532150776053;0.3213360958085743;3.1770435906025017e-07;0.0004439645269615721;0.0;0.0
765;0.07760532150776053;0.3213371844132088;3.177215750357587e-07;0.00044397672920363704;0.0;0.0
766;0.07760532150776053;0.32133827306264146;3.177387926107577e-07;0.0004439889322530503;0.0;0.0
767;0.07760532150776053;0.3213393617568759;3.177560117854577e-07;0.0004440011361098964;0.0;0.0
768;0.07760532150776053;0.3213404504959154;3.1777323256006733e-07;0.00044401334077425874;0.0;0.0
769;0.07760532150776053;0.32134153927976367;3.177904549347969e-07;0.0004440255462462216;0.0;0.0
770;0.07760532150776053;0.321342628108424;3.178076789098558e-07;0.0004440377525258689;0.0;0.0
771;0.07760532150776053;0.32134371698190006;3.178249044854539e-07;0.00044404995961328496;0.0;0.0
772;0.07760532150776053;0.32134480590019526;3.1784213166180113e-07;0.0004440621675085537;0.0;0.0
773;0.07760532150776053;0.32134589486331316;3.1785936043910736e-07;0.0004440743762117593;0.0;0.0
774;0.07760532150776053;0.32134698387125693;3.178765908175823e-07;0.0004440865857229857;0.0;0.0
775;0.07760532150776053;0.3213480729240309;3.178938227974362e-07;0.0004440987960423174;0.0;0.0
776;0.07760532150776053;0.32134916202163777;3.1791105637887915e-07;0.0004441110071698385;0.0;0.0
777;0.07760532150776053;0.3213502511640813;3.1792829156212016e-07;0.00044412321910563244;0.0;0.0
778;0.07760532150776053;0.32135134035136526;3.1794552834737016e-07;0.00044413543184978414;0.0;0.0
779;0.07760532150776053;0.32135242958349286;3.179627667348387e-07;0.00044414764540237725;0.0;0.0
780;0.07760532150776053;0.3213535188604679;3.179800067247366e-07;0.0004441598597634965;0.0;0.0
781;0.07760532150776053;0.3213546081822934;3.179972483172733e-07;0.00044417207493322564;0.0;0.0
782;0.07760532150776053;0.32135569754897353;3.180144915126591e-07;0.00044418429091164897;0.0;0.0
783;0.07760532150776053;0.3213567869605111;3.180317363111044e-07;0.0004441965076988509;0.0;0.0
784;0.07760532150776053;0.3213578764169101;3.180489827128194e-07;0.00044420872529491535;0.0;0.0
785;0.07760532150776053;0.321358965918174;3.1806623071801445e-07;0.0004442209436999269;0.0;0.0
786;0.07760532150776053;0.3213600554643063;3.1808348032689984e-07;0.0004442331629139697;0.0;0.0
787;0.07760532150776053;0.3213611450553105;3.181007315396859e-07;0.00044424538293712793;0.0;0.0
788;0.07760532150776053;0.3213622346911898;3.1811798435658296e-07;0.00044425760376948584;0.0;0.0
789;0.07760532150776053;0.3213633243719479;3.181352387778012e-07;0.00044426982541112775;0.0;0.0
790;0.07760532150776053;0.32136441409758854;3.181524948035514e-07;0.00044428204786213797;0.0;0.0
791;0.07760532150776053;0.32136550386811513;3.181697524340444e-07;0.0004442942711226011;0.0;0.0
792;0.07760532150776053;0.32136659368353115;3.1818701166948995e-07;0.0004443064951926009;0.0;0.0
793;0.07760532150776053;0.3213676835438402;3.1820427251009935e-07;0.0004443187200722223;0.0;0.0
794;0.07760532150776053;0.32136877344904563;3.182215349560824e-07;0.0004443309457615491;0.0;0.0
795;0.07760532150776053;0.3213698633991511;3.1823879900765014e-07;0.0004443431722606658;0.0;0.0
796;0.07760532150776053;0.32137095339416;3.1825606466501357e-07;0.00044435539956965716;0.0;0.0
797;0.07760532150776053;0.3213720434340757;3.1827333192838286e-07;0.0004443676276886071;0.0;0.0
798;0.07760532150776053;0.32137313351890234;3.182906007979695e-07;0.0004443798566176005;0.0;0.0
799;0.07760532150776053;0.3213742236486427;3.1830787127398324e-07;0.00044439208635672114;0.0;0.0
800;0.07760532150776053;0.32137531382330087;3.183251433566355e-07;0.0004444043169060539;0.0;0.0
801;0.07760532150776053;0.32137640404288004;3.1834241704613715e-07;0.000444416548265683;0.0;0.0
802;0.07760532150776053;0.32137749430738377;3.1835969234269883e-07;0.00044442878043569303;0.0;0.0
803;0.07760532150776053;0.3213785846168157;3.1837696924653173e-07;0.00044444101341616847;0.0;0.0
804;0.07760532150776053;0.32137967497117914;3.183942477578462e-07;0.0004444532472071933;0.0;0.0
805;0.07760532150776053;0.3213807653704777;3.1841152787685416e-07;0.00044446548180885275;0.0;0.0
806;0.07760532150776053;0.32138185581471546;3.1842880960376624e-07;0.00044447771722123106;0.0;0.0
807;0.07760532150776053;0.3213829463038951;3.184460929387935e-07;0.0004444899534444127;0.0;0.0
808;0.07760532150776053;0.3213840368380205;3.184633778821466e-07;0.0004445021904784817;0.0;0.0
809;0.07760532150776053;0.32138512741709535;3.184806644340374e-07;0.0004445144283235234;0.0;0.0
810;0.07760532150776053;0.3213862180411229;3.184979525946766e-07;0.00044452666697962186;0.0;0.0
811;0.07760532150776053;0.32138730871010696;3.1851524236427596e-07;0.0004445389064468619;0.0;0.0
812;0.07760532150776053;0.32138839942405056;3.185325337430457e-07;0.00044455114672532764;0.0;0.0
813;0.07760532150776053;0.3213894901829576;3.1854982673119823e-07;0.0004445633878151043;0.0;0.0
814;0.07760532150776053;0.3213905809868316;3.1856712132894425e-07;0.00044457562971627593;0.0;0.0
815;0.07760532150776053;0.3213916718356763;3.185844175364951e-07;0.00044458787242892736;0.0;0.0
816;0.07760532150776053;0.32139276272949463;3.186017153540621e-07;0.00044460011595314294;0.0;0.0
817;0.07760532150776053;0.32139385366829065;3.186190147818572e-07;0.0004446123602890078;0.0;0.0
818;0.07760532150776053;0.3213949446520675;3.186363158200916e-07;0.0004446246054366063;0.0;0.0
819;0.07760532150776053;0.32139603568082875;3.186536184689758e-07;0.0004446368513960224;0.0;0.0
820;0.07760532150776053;0.32139712675457827;3.186709227287227e-07;0.0004446490981673419;0.0;0.0
821;0.07760532150776053;0.32139821787331946;3.1868822859954393e-07;0.00044466134575064936;0.0;0.0
822;0.07760532150776053;0.32139930903705577;3.1870553608165004e-07;0.0004446735941460288;0.0;0.0
823;0.07760532150776053;0.3214004002457906;3.187228451752531e-07;0.00044468584335356505;0.0;0.0
824;0.07760532150776053;0.3214014914995278;3.187401558805656e-07;0.00044469809337334355;0.0;0.0
825;0.07760532150776053;0.32140258279827044;3.187574681977974e-07;0.0004447103442054478;0.0;0.0
826;0.07760532150776053;0.3214036741420224;3.18774782127162e-07;0.00044472259584996365;0.0;0.0
827;0.07760532150776053;0.3214047655307875;3.187920976688706e-07;0.0004447348483069753;0.0;0.0
828;0.07760532150776053;0.32140585696456847;3.1880941482313473e-07;0.00044474710157656747;0.0;0.0
829;0.07760532150776053;0.3214069484433695;3.188267335901662e-07;0.000444759355658825;0.0;0.0
830;0.07760532150776053;0.3214080399671938;3.188440539701777e-07;0.00044477161055383313;0.0;0.0
831;0.07760532150776053;0.3214091315360449;3.188613759633799e-07;0.00044478386626167565;0.0;0.0
832;0.07760532150776053;0.3214102231499266;3.1887869956998594e-07;0.0004447961227824384;0.0;0.0
833;0.07760532150776053;0.32141131480884233;3.188960247902075e-07;0.0004448083801162058;0.0;0.0
834;0.07760532150776053;0.3214124065127955;3.189133516242561e-07;0.0004448206382630624;0.0;0.0
835;0.07760532150776053;0.3214134982617898;3.189306800723445e-07;0.0004448328972230936;0.0;0.0
836;0.07760532150776053;0.3214145900558286;3.189480101346843e-07;0.0004448451569963838;0.0;0.0
837;0.07760532150776053;0.3214156818949155;3.189653418114876e-07;0.0004448574175830179;0.0;0.0
838;0.07760532150776053;0.3214167737790538;3.1898267510296673e-07;0.00044486967898308083;0.0;0.0
839;0.07760532150776053;0.3214178657082476;3.190000100093343e-07;0.00044488194119665783;0.0;0.0
840;0.07760532150776053;0.3214189576825;3.1901734653080226e-07;0.00044489420422383347;0.0;0.0
841;0.07760532150776053;0.3214200497018146;3.1903468466758273e-07;0.0004449064680646926;0.0;0.0
842;0.07760532150776053;0.3214211417661952;3.190520244198882e-07;0.0004449187327193203;0.0;0.0
843;0.07760532150776053;0.3214222338756449;3.1906936578793057e-07;0.0004449309981878013;0.0;0.0
844;0.07760532150776053;0.32142332603016766;3.1908670877192283e-07;0.0004449432644702209;0.0;0.0
845;0.07760532150776053;0.32142441822976653;3.1910405337207704e-07;0.0004449555315666636;0.0;0.0
846;0.07760532150776053;0.32142551047444556;3.191213995886059e-07;0.00044496779947721473;0.0;0.0
847;0.07760532150776053;0.32142660276420815;3.19138747421722e-07;0.0004449800682019594;0.0;0.0
848;0.07760532150776053;0.3214276950990577;3.191560968716374e-07;0.0004449923377409821;0.0;0.0
849;0.07760532150776053;0.3214287874789977;3.191734479385652e-07;0.00044500460809436835;0.0;0.0
850;0.07760532150776053;0.32142987990403205;3.1919080062271774e-07;0.000445016879262203;0.0;0.0
851;0.07760532150776053;0.3214309723741637;3.1920815492430796e-07;0.000445029151244571;0.0;0.0
852;0.07760532150776053;0.3214320648893969;3.192255108435479e-07;0.00044504142404155737;0.0;0.0
853;0.07760532150776053;0.32143315744973466;3.192428683806507e-07;0.00044505369765324723;0.0;0.0
854;0.07760532150776053;0.32143425005518056;3.19260227535829e-07;0.00044506597207972555;0.0;0.0
855;0.07760532150776053;0.3214353427057382;3.192775883092954e-07;0.0004450782473210775;0.0;0.0
856;0.07760532150776053;0.32143643540141137;3.1929495070126356e-07;0.0004450905233773884;0.0;0.0
857;0.07760532150776053;0.32143752814220344;3.1931231471194553e-07;0.00044510280024874315;0.0;0.0
858;0.07760532150776053;0.3214386209281181;3.1932968034155454e-07;0.0004451150779352269;0.0;0.0
859;0.07760532150776053;0.3214397137591586;3.1934704759030313e-07;0.0004451273564369246;0.0;0.0
860;0.07760532150776053;0.32144080663532865;3.1936441645840465e-07;0.00044513963575392156;0.0;0.0
861;0.07760532150776053;0.3214418995566316;3.193817869460717e-07;0.00044515191588630286;0.0;0.0
862;0.07760532150776053;0.3214429925230714;3.1939915905351806e-07;0.0004451641968341539;0.0;0.0
863;0.07760532150776053;0.3214440855346513;3.194165327809561e-07;0.0004451764785975595;0.0;0.0
864;0.07760532150776053;0.3214451785913749;3.1943390812859944e-07;0.00044518876117660526;0.0;0.0
865;0.07760532150776053;0.3214462716932457;3.194512850966605e-07;0.0004452010445713759;0.0;0.0
866;0.07760532150776053;0.32144736484026726;3.1946866368535284e-07;0.0004452133287819568;0.0;0.0
867;0.07760532150776053;0.32144845803244326;3.194860438948903e-07;0.00044522561380843354;0.0;0.0
868;0.07760532150776053;0.3214495512697772;3.1950342572548537e-07;0.000445237899650891;0.0;0.0
869;0.07760532150776053;0.32145064455227274;3.195208091773518e-07;0.00044525018630941474;0.0;0.0
870;0.07760532150776053;0.3214517378799332;3.1953819425070293e-07;0.00044526247378408996;0.0;0.0
871;0.07760532150776053;0.32145283125276214;3.1955558094575145e-07;0.0004452747620750014;0.0;0.0
872;0.07760532150776053;0.3214539246707631;3.195729692627108e-07;0.00044528705118223455;0.0;0.0
873;0.07760532150776053;0.3214550181339398;3.1959035920179517e-07;0.0004452993411058752;0.0;0.0
874;0.07760532150776053;0.32145611164229543;3.196077507632177e-07;0.0004453116318460083;0.0;0.0
875;0.07760532150776053;0.32145720519583426;3.1962514394719197e-07;0.0004453239234027193;0.0;0.0
876;0.07760532150776053;0.3214582987945591;3.1964253875393176e-07;0.0004453362157760937;0.0;0.0
877;0.07760532150776053;0.3214593924384738;3.196599351836502e-07;0.0004453485089662166;0.0;0.0
878;0.07760532150776053;0.321460486127582;3.19677333236561e-07;0.00044536080297317326;0.0;0.0
879;0.07760532150776053;0.32146157986188717;3.196947329128775e-07;0.000445373097797049;0.0;0.0
880;0.07760532150776053;0.3214626736413929;3.197121342128138e-07;0.0004453853934379295;0.0;0.0
881;0.07760532150776053;0.3214637674661025;3.1972953713658357e-07;0.0004453976898958999;0.0;0.0
882;0.07760532150776053;0.32146486133602;3.1974694168440104e-07;0.00044540998717104615;0.0;0.0
883;0.07760532150776053;0.3214659552511487;3.1976434785647926e-07;0.0004454222852634531;0.0;0.0
884;0.07760532150776053;0.32146704921149166;3.197817556530324e-07;0.0004454345841732064;0.0;0.0
885;0.07760532150776053;0.32146814321705336;3.1979916507427423e-07;0.00044544688390039147;0.0;0.0
886;0.07760532150776053;0.32146923726783666;3.198165761204187e-07;0.00044545918444509374;0.0;0.0
887;0.07760532150776053;0.3214703313638453;3.198339887916795e-07;0.00044547148580739856;0.0;0.0
888;0.07760532150776053;0.32147142550508295;3.1985140308827137e-07;0.0004454837879873917;0.0;0.0
889;0.07760532150776053;0.3214725196915532;3.198688190104074e-07;0.0004454960909851584;0.0;0.0
890;0.07760532150776053;0.3214736139232593;3.198862365583022e-07;0.0004455083948007843;0.0;0.0
891;0.07760532150776053;0.3214747082002052;3.1990365573217e-07;0.00044552069943435514;0.0;0.0
892;0.07760532150776053;0.32147580252239427;3.1992107653222427e-07;0.0004455330048859558;0.0;0.0
893;0.07760532150776053;0.32147689688982994;3.1993849895867967e-07;0.00044554531115567245;0.0;0.0
894;0.07760532150776053;0.32147799130251614;3.1995592301175057e-07;0.00044555761824359056;0.0;0.0
895;0.07760532150776053;0.321479085760456;3.199733486916506e-07;0.0004455699261497953;0.0;0.0
896;0.07760532150776053;0.3214801802636534;3.1999077599859457e-07;0.0004455822348743727;0.0;0.0
897;0.07760532150776053;0.3214812748121117;3.2000820493279637e-07;0.0004455945444174081;0.0;0.0
898;0.07760532150776053;0.32148236940583447;3.2002563549447055e-07;0.00044560685477898704;0.0;0.0
899;0.07760532150776053;0.3214834640448254;3.2004306768383173e-07;0.00044561916595919557;0.0;0.0
900;0.07760532150776053;0.3214845587290882;3.2006050150109414e-07;0.000445631477958119;0.0;0.0
901;0.07760532150776053;0.32148565345862595;3.2007793694647157e-07;0.0004456437907758426;0.0;0.0
902;0.07760532150776053;0.3214867482334425;3.2009537402017973e-07;0.00044565610441245286;0.0;0.0
903;0.07760532150776053;0.32148784305354133;3.2011281272243203e-07;0.0004456684188680345;0.0;0.0
904;0.07760532150776053;0.32148893791892613;3.201302530534435e-07;0.0004456807341426738;0.0;0.0
905;0.07760532150776053;0.3214900328296004;3.201476950134295e-07;0.00044569305023645686;0.0;0.0
906;0.07760532150776053;0.3214911277855678;3.201651386026032e-07;0.0004457053671494683;0.0;0.0
907;0.07760532150776053;0.32149222278683165;3.2018258382118034e-07;0.00044571768488179466;0.0;0.0
908;0.07760532150776053;0.32149331783339563;3.202000306693751e-07;0.00044573000343352124;0.0;0.0
909;0.07760532150776053;0.32149441292526354;3.202174791474029e-07;0.0004457423228047343;0.0;0.0
910;0.07760532150776053;0.3214955080624384;3.2023492925547757e-07;0.00044575464299551895;0.0;0.0
911;0.07760532150776053;0.32149660324492413;3.202523809938145e-07;0.00044576696400596127;0.0;0.0
912;0.07760532150776053;0.32149769847272447;3.202698343626283e-07;0.00044577928583614695;0.0;0.0
913;0.07760532150776053;0.3214987937458427;3.202872893621343e-07;0.0004457916084861619;0.0;0.0
914;0.07760532150776053;0.3214998890642827;3.2030474599254705e-07;0.000445803931956092;0.0;0.0
915;0.07760532150776053;0.3215009844280473;3.203222042540812e-07;0.0004458162562460225;0.0;0.0
916;0.07760532150776053;0.32150207983714096;3.203396641469527e-07;0.00044582858135604;0.0;0.0
917;0.07760532150776053;0.3215031752915671;3.203571256713757e-07;0.0004458409072862299;0.0;0.0
918;0.07760532150776053;0.3215042707913286;3.2037458882756566e-07;0.000445853234036678;0.0;0.0
919;0.07760532150776053;0.32150536633642973;3.2039205361573774e-07;0.0004458655616074704;0.0;0.0
920;0.07760532150776053;0.32150646192687365;3.2040952003610684e-07;0.00044587788999869287;0.0;0.0
921;0.07760532150776053;0.32150755756266436;3.2042698808888853e-07;0.0004458902192104314;0.0;0.0
922;0.07760532150776053;0.3215086532438051;3.2044445777429754e-07;0.00044590254924277157;0.0;0.0
923;0.07760532150776053;0.3215097489702995;3.2046192909254953e-07;0.00044591488009579957;0.0;0.0
924;0.07760532150776053;0.32151084474215114;3.2047940204385934e-07;0.00044592721176960114;0.0;0.0
925;0.07760532150776053;0.3215119405593634;3.2049687662844264e-07;0.0004459395442642623;0.0;0.0
926;0.07760532150776053;0.3215130364219404;3.2051435284651495e-07;0.00044595187757986917;0.0;0.0
927;0.07760532150776053;0.3215141323298851;3.2053183069829136e-07;0.0004459642117165074;0.0;0.0
928;0.07760532150776053;0.32151522828320145;3.2054931018398745e-07;0.00044597654667426326;0.0;0.0
929;0.07760532150776053;0.3215163242818928;3.205667913038187e-07;0.0004459888824532226;0.0;0.0
930;0.07760532150776053;0.3215174203259627;3.2058427405800023e-07;0.0004460012190534711;0.0;0.0
931;0.07760532150776053;0.32151851641541496;3.2060175844674844e-07;0.00044601355647509543;0.0;0.0
932;0.07760532150776053;0.32151961255025324;3.206192444702785e-07;0.00044602589471818134;0.0;0.0
933;0.07760532150776053;0.32152070873048083;3.2063673212880586e-07;0.0004460382337828147;0.0;0.0
934;0.07760532150776053;0.32152180495610144;3.20654221422546e-07;0.0004460505736690815;0.0;0.0
935;0.07760532150776053;0.32152290122711846;3.206717123517154e-07;0.0004460629143770681;0.0;0.0
936;0.07760532150776053;0.3215239975435358;3.206892049165287e-07;0.00044607525590686014;0.0;0.0
937;0.07760532150776053;0.32152509390535666;3.207066991172026e-07;0.0004460875982585443;0.0;0.0
938;0.07760532150776053;0.3215261903125845;3.2072419495395217e-07;0.0004460999414322059;0.0;0.0
939;0.07760532150776053;0.3215272867652236;3.20741692426994e-07;0.0004461122854279318;0.0;0.0
940;0.07760532150776053;0.3215283832632769;3.207591915365432e-07;0.0004461246302458075;0.0;0.0
941;0.07760532150776053;0.32152947980674834;3.207766922828165e-07;0.0004461369758859196;0.0;0.0
942;0.07760532150776053;0.3215305763956413;3.2079419466602907e-07;0.0004461493223483541;0.0;0.0
943;0.07760532150776053;0.32153167302995944;3.208116986863972e-07;0.00044616166963319686;0.0;0.0
944;0.07760532150776053;0.32153276970970623;3.208292043441369e-07;0.00044617401774053433;0.0;0.0
945;0.07760532150776053;0.3215338664348857;3.208467116394651e-07;0.00044618636667045317;0.0;0.0
946;0.07760532150776053;0.3215349632055009;3.208642205725966e-07;0.0004461987164230387;0.0;0.0
947;0.07760532150776053;0.3215360600215556;3.2088173114374825e-07;0.00044621106699837767;0.0;0.0
948;0.07760532150776053;0.3215371568830535;3.2089924335313606e-07;0.00044622341839655616;0.0;0.0
949;0.07760532150776053;0.32153825378999773;3.2091675720097575e-07;0.00044623577061766003;0.0;0.0
950;0.07760532150776053;0.3215393507423924;3.2093427268748433e-07;0.000446248123661776;0.0;0.0
951;0.07760532150776053;0.3215404477402409;3.209517898128775e-07;0.00044626047752899017;0.0;0.0
952;0.07760532150776053;0.32154154478354663;3.209693085773721e-07;0.00044627283221938883;0.0;0.0
953;0.07760532150776053;0.32154264187231346;3.2098682898118407e-07;0.0004462851877330582;0.0;0.0
954;0.07760532150776053;0.32154373900654476;3.2100435102452995e-07;0.00044629754407008457;0.0;0.0
955;0.07760532150776053;0.32154483618624424;3.2102187470762627e-07;0.0004463099012305543;0.0;0.0
956;0.07760532150776053;0.32154593341141535;3.2103940003068913e-07;0.00044632225921455355;0.0;0.0
957;0.07760532150776053;0.32154703068206175;3.2105692699393547e-07;0.00044633461802216887;0.0;0.0
958;0.07760532150776053;0.32154812799818716;3.210744555975818e-07;0.00044634697765348673;0.0;0.0
959;0.07760532150776053;0.32154922535979497;3.2109198584184447e-07;0.00044635933810859295;0.0;0.0
960;0.07760532150776053;0.32155032276688883;3.211095177269401e-07;0.0004463716993875743;0.0;0.0
961;0.07760532150776053;0.32155142021947236;3.211270512530856e-07;0.00044638406149051713;0.0;0.0
962;0.07760532150776053;0.3215525177175494;3.2114458642049764e-07;0.0004463964244175079;0.0;0.0
963;0.07760532150776053;0.321553615261123;3.211621232293927e-07;0.00044640878816863276;0.0;0.0
964;0.07760532150776053;0.32155471285019716;3.2117966167998737e-07;0.00044642115274397807;0.0;0.0
965;0.07760532150776053;0.3215558104847753;3.2119720177249897e-07;0.00044643351814363063;0.0;0.0
966;0.07760532150776053;0.32155690816486093;3.2121474350714414e-07;0.00044644588436767665;0.0;0.0
967;0.07760532150776053;0.32155800589045763;3.2123228688413935e-07;0.00044645825141620236;0.0;0.0
968;0.07760532150776053;0.32155910366156937;3.2124983190370233e-07;0.0004464706192892948;0.0;0.0
969;0.07760532150776053;0.3215602014781992;3.2126737856604886e-07;0.00044648298798703967;0.0;0.0
970;0.07760532150776053;0.32156129934035127;3.212849268713971e-07;0.0004464953575095242;0.0;0.0
971;0.07760532150776053;0.3215623972480289;3.213024768199634e-07;0.0004465077278568345;0.0;0.0
972;0.07760532150776053;0.32156349520123567;3.213200284119654e-07;0.0004465200990290574;0.0;0.0
973;0.07760532150776053;0.32156459319997494;3.213375816476196e-07;0.00044653247102627904;0.0;0.0
974;0.07760532150776053;0.32156569124425066;3.213551365271435e-07;0.0004465448438485863;0.0;0.0
975;0.07760532150776053;0.3215667893340662;3.213726930507536e-07;0.00044655721749606514;0.0;0.0
976;0.07760532150776053;0.3215678874694251;3.213902512186676e-07;0.00044656959196880255;0.0;0.0
977;0.07760532150776053;0.3215689856503313;3.2140781103110296e-07;0.0004465819672668852;0.0;0.0
978;0.07760532150776053;0.3215700838767882;3.2142537248827683e-07;0.0004465943433903996;0.0;0.0
979;0.07760532150776053;0.32157118214879915;3.2144293559040653e-07;0.00044660672033943236;0.0;0.0
980;0.07760532150776053;0.3215722804663682;3.2146050033770916e-07;0.00044661909811407;0.0;0.0
981;0.07760532150776053;0.3215733788294987;3.214780667304027e-07;0.0004466314767143995;0.0;0.0
982;0.07760532150776053;0.32157447723819405;3.2149563476870316e-07;0.0004466438561405064;0.0;0.0
983;0.07760532150776053;0.32157557569245826;3.215132044528297e-07;0.0004466562363924786;0.0;0.0
984;0.07760532150776053;0.3215766741922947;3.215307757829991e-07;0.0004466686174704023;0.0;0.0
985;0.07760532150776053;0.321577772737707;3.2154834875942857e-07;0.000446680999374364;0.0;0.0
986;0.07760532150776053;0.3215788713286988;3.215659233823362e-07;0.0004466933821044505;0.0;0.0
987;0.07760532150776053;0.32157996996527366;3.2158349965193975e-07;0.00044670576566074893;0.0;0.0
988;0.07760532150776053;0.3215810686474349;3.216010775684562e-07;0.00044671815004334524;0.0;0.0
989;0.07760532150776053;0.3215821673751864;3.216186571321032e-07;0.0004467305352523263;0.0;0.0
990;0.07760532150776053;0.32158326614853194;3.216362383430995e-07;0.00044674292128777954;0.0;0.0
991;0.07760532150776053;0.3215843649674751;3.2165382120166215e-07;0.00044675530814979107;0.0;0.0
992;0.07760532150776053;0.321585463832019;3.2167140570800886e-07;0.0004467676958384478;0.0;0.0
993;0.07760532150776053;0.32158656274216757;3.216889918623574e-07;0.0004467800843538364;0.0;0.0
994;0.07760532150776053;0.32158766169792435;3.2170657966492586e-07;0.00044679247369604365;0.0;0.0
995;0.07760532150776053;0.321588760699293;3.2172416911593216e-07;0.00044680486386515663;0.0;0.0
996;0.07760532150776053;0.32158985974627713;3.217417602155946e-07;0.0004468172548612621;0.0;0.0
997;0.07760532150776053;0.3215909588388802;3.217593529641304e-07;0.00044682964668444654;0.0;0.0
998;0.07760532150776053;0.321592057977106;3.217769473617583e-07;0.0004468420393347972;0.0;0.0
999;0.07760532150776053;0.3215931571609579;3.2179454340869555e-07;0.00044685443281240045;0.0;0.0
1000;0.07760532150776053;0.32159425639044;3.218121411051613e-07;0.0004468668271173437;0.0;0.0
