iteration,performance_mc,performance_true,alpha,beta,bound,policy_advantage,model_advantage,total_samples,avg_return
0,0.35521834146727294,0.39861437867716104,0.0001,0.0001,5.095417132737557e-07,0.015066546818234142,0.009554363044102438,2000,0.35521834146727294
1,0.33650174733881577,0.398785086821976,0.0001,0.0001,4.952010136706827e-07,0.014852914663997963,0.007620678060279579,2000,0.33650174733881577
2,0.3411908903488017,0.398979626731203,0.0001,0.0001,6.455067609499392e-07,0.01695757486607986,0.010054613039593324,2000,0.3411908903488017
3,0.3996691635831935,0.3991980233954849,0.0001,0.0001,7.09136453043066e-07,0.01777189330008874,0.009641303200358154,2000,0.3996691635831935
4,0.42500909753497773,0.39939267861221556,0.0001,0.0001,7.053404096180812e-07,0.01772560446628981,0.01221806311387446,2000,0.42500909753497773
5,0.4367642589795696,0.39957547456345516,0.0001,0.0001,7.751873249503808e-07,0.01858235014213237,0.01145236005609062,2000,0.4367642589795696
6,0.35475202281344004,0.39974638594414824,0.0001,0.0001,5.514161673793919e-07,0.015672736882698,0.010997303877105766,2000,0.35475202281344004
7,0.5571511457548244,0.3999701684075283,0.00011264267134240548,0.0001,1.4128642859443843e-06,0.025085773785489006,0.01234341558298095,2000,0.5571511457548244
8,0.34930972363863066,0.4001650035068616,0.0001,0.0001,3.6566567448828765e-07,0.01276213483187309,0.009752697805731285,2000,0.34930972363863066
9,0.40585728809488664,0.40035986853428057,0.0001,0.0001,6.535329981697423e-07,0.017059597722830666,0.009637620398835204,2000,0.40585728809488664
10,0.43854218631400965,0.4005428545167299,0.0001,0.0001,5.519307445159116e-07,0.01567941852696994,0.01261272619347851,2000,0.43854218631400965
11,0.42151724020776854,0.4007378143581113,0.0001,0.0001,7.087565647702699e-07,0.017766587044391755,0.011518454321927097,2000,0.42151724020776854
12,0.37122480112530043,0.4009447577270822,0.0001,0.0001,6.107445669214004e-07,0.01649193567808651,0.009061673416571367,2000,0.37122480112530043
13,0.2954563162296443,0.40111591047596473,0.0001,0.0001,4.390518833242994e-07,0.013984677245104575,0.007926930201389215,2000,0.2954563162296443
14,0.364691693968868,0.4013110072163346,0.0001,0.0001,5.017273271415736e-07,0.014948182658742634,0.01044311442268633,2000,0.364691693968868
15,0.43601464169735765,0.40149420288689386,0.0001,0.0001,5.807409604348932e-07,0.016082442536894906,0.011536478436381597,2000,0.43601464169735765
16,0.4455952449822942,0.4016894140209698,0.0001,0.0001,7.21527431814892e-07,0.017924921699017334,0.0120518878134626,2000,0.4455952449822942
17,0.4364318818853067,0.4018607613053851,0.0001,0.0001,7.625159279926091e-07,0.018429350623361457,0.011868188795709446,2000,0.4364318818853067
18,0.4211326788164896,0.40205606197516425,0.0001,0.0001,6.028765473240123e-07,0.016383438151299706,0.01197415226362256,2000,0.4211326788164896
19,0.42112198284681795,0.4022393539976258,0.0001,0.0001,6.335028701001747e-07,0.016797340921877346,0.010439989914045428,2000,0.42112198284681795
20,0.388763539522878,0.4024586187306522,0.0001,0.0001,6.149546841777886e-07,0.016530575484596476,0.010972529408915148,2000,0.388763539522878
21,0.34035027418795794,0.40265402152220653,0.0001,0.0001,4.1984747379043975e-07,0.013672685285108316,0.009620227243743862,2000,0.34035027418795794
22,0.42096489571686974,0.4028494880992668,0.0001,0.0001,6.047891885673803e-07,0.016410040150042052,0.010150219484419675,2000,0.42096489571686974
23,0.37426631348559236,0.403045041873951,0.0001,0.0001,7.919123488832946e-07,0.018772837218938812,0.011222056412276072,2000,0.37426631348559236
24,0.3829217748520291,0.4032525955089886,0.0001,0.0001,7.516743214746095e-07,0.018289543529588476,0.010420949042216611,2000,0.3829217748520291
25,0.416903520711816,0.4034481822432525,0.0001,0.0001,6.165364986240785e-07,0.016568201165090703,0.010561154674363051,2000,0.416903520711816
26,0.4174747486443406,0.4036317836172179,0.0001,0.0001,6.674128066001271e-07,0.017236350616437787,0.009987596006205897,2000,0.4174747486443406
27,0.38639227487115935,0.40382746755616483,0.0001,0.0001,7.207084141167492e-07,0.01791084068180343,0.011241430309812683,2000,0.38639227487115935
28,0.3351026237749358,0.4040351860447236,0.0001,0.0001,4.2842657469828035e-07,0.01253238027109355,0.012217291500845006,2000,0.3351026237749358
29,0.392621237458889,0.4042429716314684,0.0001,0.0001,6.335932112664636e-07,0.01678962241776493,0.00991208832824035,2000,0.392621237458889
30,0.4508950472894767,0.40445082461579934,0.0001,0.0001,8.664946671425517e-07,0.01963595084643575,0.01358966051489503,2000,0.4508950472894767
31,0.407837290581719,0.4046585166450597,0.0001,0.0001,6.592753091942779e-07,0.017125287759424478,0.013061064884367606,2000,0.407837290581719
32,0.3971272034415334,0.4048423913686418,0.0001,0.0001,4.778775628319046e-07,0.014586409040884141,0.012451344866352628,2000,0.3971272034415334
33,0.43437500165627874,0.4050383797738826,0.0001,0.0001,6.018711744736176e-07,0.01636709267538836,0.011114298158816352,2000,0.43437500165627874
34,0.4160127149190662,0.4052464132472248,0.0001,0.0001,6.357916871989057e-07,0.016814975793657365,0.011805489933370161,2000,0.4160127149190662
35,0.40579059896899916,0.40544249987995395,0.0001,0.0001,7.948061111727602e-07,0.018803170278342732,0.011594499195784876,2000,0.40579059896899916
36,0.4581632799896622,0.40566262849482737,0.0001,0.0001,6.692945509477e-07,0.017226042549290173,0.011538292038662003,2000,0.4581632799896622
37,0.4728967574730253,0.4058708228638723,0.0001,0.0001,8.331638738407831e-07,0.019251705101125807,0.012666103666344006,2000,0.4728967574730253
38,0.35236244501557656,0.4060669688999041,0.0001,0.0001,5.254676238258517e-07,0.015032129005369939,0.013529947783385326,2000,0.35236244501557656
39,0.4246878991269443,0.40627522861564425,0.0001,0.0001,6.808248470718537e-07,0.017402130265295485,0.011576218645073098,2000,0.4246878991269443
40,0.40559608201941777,0.4064474609612669,0.0001,0.0001,7.478678089597212e-07,0.018246395896679164,0.011786930187648498,2000,0.40559608201941777
41,0.40603203621214945,0.40666787693607964,0.0001,0.0001,7.340140193689931e-07,0.01803280654990033,0.011345159577019356,2000,0.40603203621214945
42,0.44937846058989117,0.40686429946680025,0.0001,0.0001,6.410484526030458e-07,0.01688837276106569,0.012332782584831104,2000,0.44937846058989117
43,0.4261425553138364,0.40706070003493444,0.0001,0.0001,5.653032257048398e-07,0.01585756590544972,0.010767593454209452,2000,0.4261425553138364
44,0.4673694544204561,0.407256964802891,0.0001,0.0001,7.514786535874641e-07,0.01828111460798076,0.01190324011939712,2000,0.4673694544204561
45,0.38367057234580615,0.4074655451679142,0.0001,0.0001,6.252779527718467e-07,0.016671351143548625,0.010055953354814934,2000,0.38367057234580615
46,0.3812322797887786,0.40768619721124677,0.0001,0.0001,6.031054961372886e-07,0.01633952765539333,0.009272592428252863,2000,0.3812322797887786
47,0.4471056534141407,0.40790689922286005,0.0001,0.0001,8.948102474563717e-07,0.019900460134136648,0.012620799392437598,2000,0.4471056534141407
48,0.39237228764112747,0.40810346262503444,0.0001,0.0001,6.079947197737226e-07,0.016446986983387445,0.011564738179824114,2000,0.39237228764112747
49,0.4111030684275076,0.4082881814042254,0.0001,0.0001,5.343568410247035e-07,0.015420903152586336,0.011079811523822033,2000,0.4111030684275076
50,0.38259354825832825,0.408496987764844,0.0001,0.0001,5.648852827723229e-07,0.01584976929773534,0.010929833138304942,2000,0.38259354825832825
51,0.3898897017482997,0.4086937350242039,0.0001,0.0001,5.206285293580785e-07,0.015215978627126512,0.009917042504056802,2000,0.3898897017482997
52,0.4593105086778949,0.408902542819535,0.0001,0.0001,7.158370062962287e-07,0.01783934321573688,0.012556825931150033,2000,0.4593105086778949
53,0.41652362973983154,0.4090994782261826,0.0001,0.0001,6.174543496071147e-07,0.01656734076836803,0.011879128438915646,2000,0.41652362973983154
54,0.45878608403407,0.4093085412683258,0.0001,0.0001,6.308314021673257e-07,0.016744421205747876,0.01135620743870483,2000,0.45878608403407
55,0.3532702605362229,0.4094935230898805,0.0001,0.0001,7.210513741357193e-07,0.01791371254697214,0.010210376974524699,2000,0.3532702605362229
56,0.3913978726042477,0.4097146839120108,0.0001,0.0001,8.691368566361653e-07,0.019596686428377835,0.012884581835398925,2000,0.3913978726042477
57,0.44089392023596863,0.4099239033991294,0.0001,0.0001,5.918496487881002e-07,0.016216998070206066,0.011723585500678512,2000,0.44089392023596863
58,0.4496199783706665,0.41010888993669925,0.0001,0.0001,7.013642161908496e-07,0.01766324384581718,0.010685971619099038,2000,0.4496199783706665
59,0.3866060770086156,0.41033021108945855,0.0001,0.0001,6.98579392806043e-07,0.01756419254875846,0.009108141993084365,2000,0.3866060770086156
60,0.37972270124389484,0.4105273693620298,0.0001,0.0001,5.874679218200815e-07,0.016161006614644518,0.008200260951002049,2000,0.37972270124389484
61,0.38264112937964206,0.4107366441783803,0.0001,0.0001,5.242088450283545e-07,0.015261092590904246,0.011198712184066387,2000,0.38264112937964206
62,0.42355744977635157,0.41092198387671075,0.0001,0.0001,7.008861073430113e-07,0.017654291189443883,0.011381070088449935,2000,0.42355744977635157
63,0.3832718550341937,0.4111435263264423,0.0001,0.0001,5.26645531978339e-07,0.015246909468327694,0.011239770381664526,2000,0.3832718550341937
64,0.43693946216747526,0.4113410256873481,0.0001,0.0001,7.230544436935575e-07,0.017926400015406754,0.012358120867869199,2000,0.43693946216747526
65,0.36339915847786375,0.4115142461271765,0.0001,0.0001,5.089083540469958e-07,0.01504951358120395,0.00953994983155444,2000,0.36339915847786375
66,0.4044089040868346,0.4117359479010434,0.0001,0.0001,8.299051279613772e-07,0.01913709622703452,0.011059943580736645,2000,0.4044089040868346
67,0.4051902151691996,0.41192114078972947,0.0001,0.0001,4.933765462494554e-07,0.014812374879815009,0.012791049904446758,2000,0.4051902151691996
68,0.42081259684728944,0.41213083959670677,0.0001,0.0001,8.204775640736945e-07,0.01908770289052442,0.013048147735807883,2000,0.42081259684728944
69,0.41250563387288874,0.41232856490940334,0.0001,0.0001,4.812288204841036e-07,0.014626814949565865,0.010737260883622547,2000,0.41250563387288874
70,0.4135698687628707,0.41252628536652913,0.0001,0.0001,8.947979593527525e-07,0.0199437087882177,0.012469481652266816,2000,0.4135698687628707
71,0.46894126851737744,0.4127482329617812,0.0001,0.0001,9.805778350725479e-07,0.020793750801831233,0.013731266226604106,2000,0.46894126851737744
72,0.4538483882898201,0.41295819383262533,0.0001,0.0001,6.949942003909239e-07,0.01757037333056354,0.010957904651168927,2000,0.4538483882898201
73,0.3663013976396098,0.4131439792452396,0.0001,0.0001,6.235538021528243e-07,0.016651921481689813,0.009337857074632881,2000,0.3663013976396098
74,0.4346760339930741,0.41334191780809826,0.0001,0.0001,6.601260687482281e-07,0.017128206679463017,0.009289305764943724,2000,0.4346760339930741
75,0.42096588826985754,0.41356409216705015,0.0001,0.0001,6.942952272290762e-07,0.017491773759939093,0.01089396580044263,2000,0.42096588826985754
76,0.3976100243258638,0.4137621578732211,0.0001,0.0001,8.740620313369898e-07,0.019706388694821747,0.011569359402716872,2000,0.3976100243258638
77,0.39767451942042276,0.4139844439437855,0.0001,0.0001,6.331105754005452e-07,0.016700286738096655,0.013780749315228883,2000,0.39767451942042276
78,0.3672576277261109,0.4141825705019032,0.0001,0.0001,6.654144689332666e-07,0.017197071497439157,0.009717091277941226,2000,0.3672576277261109
79,0.3819441008832972,0.4143928750807112,0.0001,0.0001,5.366367082808233e-07,0.01543681058978794,0.010838958305913906,2000,0.3819441008832972
80,0.4197055823432953,0.4145667302021622,0.0001,0.0001,6.140315497991266e-07,0.016529189074695635,0.010648630470894744,2000,0.4197055823432953
81,0.43474432829631793,0.4147527170740255,0.0001,0.0001,5.0484746468242e-07,0.01498320423876635,0.011411985456602871,2000,0.43474432829631793
82,0.48268247994430297,0.4149631474201985,0.0001,0.0001,8.331419002180277e-07,0.01922750736793312,0.010854093684726365,2000,0.48268247994430297
83,0.41408704595098755,0.4151736503911738,0.0001,0.0001,5.028102240822839e-07,0.014934454286338725,0.009365576410948942,2000,0.41408704595098755
84,0.4212214080237291,0.4153474325957234,0.0001,0.0001,5.45194478685976e-07,0.015572236455725051,0.012451474629797378,2000,0.4212214080237291
85,0.3577385999531526,0.41554588533956593,0.0001,0.0001,6.187001393147095e-07,0.016579325351701778,0.0086764627754633,2000,0.3577385999531526
86,0.37593211663706183,0.41575650548803256,0.0001,0.0001,7.624398946473046e-07,0.01839757407164069,0.008135099415554525,2000,0.37593211663706183
87,0.5020253315873384,0.4159670091641206,0.0001,0.0001,7.248442238531927e-07,0.017935868497005004,0.013194417299973744,2000,0.5020253315873384
88,0.4160582337389364,0.41615329371520293,0.0001,0.0001,9.701960690881618e-07,0.020763352198887784,0.01147642600451461,2000,0.4160582337389364
89,0.4206088261790683,0.4163641148346053,0.0001,0.0001,6.097610765397341e-07,0.016451055092132932,0.01053749931254725,2000,0.4206088261790683
90,0.4963584567660629,0.4165870826345398,0.0001,0.0001,8.287841948928395e-07,0.019088951595792603,0.013718996733619114,2000,0.4963584567660629
91,0.4672633507693231,0.41678582284901317,0.0001,0.0001,8.620686792030809e-07,0.019567276118114332,0.012111667143288658,2000,0.4672633507693231
92,0.34916456746150515,0.4169724963224233,0.0001,0.0001,6.639970742146497e-07,0.017179543640542756,0.010187574856150367,2000,0.34916456746150515
93,0.4156338859502364,0.41714681247857227,0.0001,0.0001,5.385998676374273e-07,0.015479451057961642,0.010784520834490535,2000,0.4156338859502364
94,0.426889557455134,0.41735786822300797,0.0001,0.0001,7.176949866031377e-07,0.017845495486424355,0.0087655320591291,2000,0.426889557455134
95,0.4012092076627603,0.41754408353247907,0.0001,0.0001,7.08735500492389e-07,0.017748265493693686,0.0108571741867984,2000,0.4012092076627603
96,0.34007110366806076,0.4177306813617174,0.0001,0.0001,3.6031271043821844e-07,0.012657376013322619,0.009865743513732036,2000,0.34007110366806076
97,0.29556235543765774,0.41791707154332597,0.0001,0.0001,3.5525059919179553e-07,0.012566536759954498,0.009627264671728525,2000,0.29556235543765774
98,0.41461451465617694,0.4181034566436749,0.0001,0.0001,8.250935729527611e-07,0.019149318040893402,0.010712488563232911,2000,0.41461451465617694
99,0.4280132123373035,0.4182533765524967,0.0001,0.0001,5.106230377276142e-07,0.015081106574290215,0.011132272684294472,2000,0.4280132123373035
100,0.4766344500923885,0.41847686444777005,0.0001,0.0001,8.418184906418304e-07,0.019226042032357143,0.011154752113779446,2000,0.4766344500923885
101,0.35403106616177615,0.4186516933233874,0.0001,0.0001,5.403894929477183e-07,0.01550477595914886,0.008551097674819494,2000,0.35403106616177615
102,0.4350231033675933,0.41885096475493117,0.0001,0.0001,6.448300057271428e-07,0.01691939668033275,0.01147884696495992,2000,0.4350231033675933
103,0.29627082239905966,0.4190378249282242,0.0001,0.0001,4.3508201696084226e-07,0.013901489769637464,0.007919500693088433,2000,0.29627082239905966
104,0.4124096916678322,0.41923717500253743,0.0001,0.0001,6.331533402962453e-07,0.01676387335708695,0.009829141176191132,2000,0.4124096916678322
105,0.40107918000304943,0.4194116840727437,0.0001,0.0001,5.329235273327663e-07,0.015393863041524762,0.012558204563004216,2000,0.40107918000304943
106,0.39951742114962924,0.41961105661053827,0.0001,0.0001,7.228153955564827e-07,0.017916427279245646,0.01205270837447143,2000,0.39951742114962924
107,0.35074703985559874,0.41982270833994234,0.0001,0.0001,5.028902553805769e-07,0.014934665707734086,0.009155213500369831,2000,0.35074703985559874
108,0.48266944328886097,0.4199854036619853,0.0001,0.0001,6.039448002310015e-07,0.016395486946512168,0.013160867104107889,2000,0.48266944328886097
109,0.40813721358164157,0.42017274373714897,0.0001,0.0001,8.079464373667569e-07,0.018945574953309327,0.010104439784770061,2000,0.40813721358164157
110,0.37056298375152386,0.42037209529238817,0.0001,0.0001,4.7598852299868456e-07,0.014535362482926292,0.010835693495601281,2000,0.37056298375152386
111,0.41168833134084926,0.4205470706355813,0.0001,0.0001,8.236547026870534e-07,0.019140811517094396,0.008819819277330743,2000,0.41168833134084926
112,0.4845466895328817,0.42072203863865376,0.0001,0.0001,9.131586671668256e-07,0.02015187086620182,0.01229933886473094,2000,0.4845466895328817
113,0.40067942485278024,0.42093400906806405,0.0001,0.0001,7.475445514749463e-07,0.018200567677612856,0.010036133438725442,2000,0.40067942485278024
114,0.44959902085005443,0.4211213048522494,0.0001,0.0001,5.461771952481545e-07,0.015575306218693147,0.013341147403400108,2000,0.44959902085005443
115,0.4558102417575219,0.42133300218915,0.0001,0.0001,6.983810419758324e-07,0.01759031795548676,0.01188684522590697,2000,0.4558102417575219
116,0.4857515944948601,0.4215329165419492,0.0001,0.0001,7.566610419107467e-07,0.01832551628096952,0.01095595991165508,2000,0.4857515944948601
117,0.3676588264658091,0.42174506321063043,0.0001,0.0001,6.396597507509394e-07,0.016837341664896893,0.011191583707882733,2000,0.3676588264658091
118,0.39569070586852684,0.4219328319184966,0.0001,0.0001,7.950864894983562e-07,0.01878950880244926,0.011202899831183267,2000,0.39569070586852684
119,0.42925924065381027,0.42212034379286156,0.0001,0.0001,8.009777460059383e-07,0.018864160571587442,0.011695798948880355,2000,0.42925924065381027
120,0.4923689296238964,0.4223326110401484,0.0001,0.0001,8.395141653084591e-07,0.01928859812828744,0.01355641442267983,2000,0.4923689296238964
121,0.39673119188453154,0.42254492794413057,0.0001,0.0001,6.377643682015606e-07,0.01681295666986879,0.010902228458418397,2000,0.39673119188453154
122,0.43499621433939717,0.4227447662788983,0.0001,0.0001,8.165737542779228e-07,0.01903502057675223,0.009666686910337825,2000,0.43499621433939717
123,0.44357618692465883,0.4229449679879773,0.0001,0.0001,5.86691619266428e-07,0.016136847070468648,0.01293655294170173,2000,0.44357618692465883
124,0.5079702002641912,0.4231696415872107,0.0001,0.0001,8.999063302123223e-07,0.01984346663453869,0.013452083914820901,2000,0.5079702002641912
125,0.3694295820032111,0.42335774704207596,0.0001,0.0001,3.7752517116587025e-07,0.012949933773781156,0.010834505094205221,2000,0.3694295820032111
126,0.379243562577109,0.4235578018799674,0.0001,0.0001,6.191809265092947e-07,0.016573630765186007,0.011144260916269593,2000,0.379243562577109
127,0.47239057428113573,0.42377046612713937,0.0001,0.0001,8.222886749923832e-07,0.019074522305112713,0.013268346150858909,2000,0.47239057428113573
128,0.4110034340975378,0.4239828117238519,0.0001,0.0001,5.303230736710985e-07,0.015329975870124378,0.012228740474252531,2000,0.4110034340975378
129,0.4633724195676281,0.42419526289791376,0.0001,0.0001,9.32723670669417e-07,0.020322460616453264,0.01131976497121844,2000,0.4633724195676281
130,0.40577244536004897,0.42438329539307207,0.0001,0.0001,6.986871024769028e-07,0.017615523942522214,0.010108079400266739,2000,0.40577244536004897
131,0.45205344338878206,0.4245960638305375,0.0001,0.0001,6.268778895473088e-07,0.01666514190057818,0.010679156066279819,2000,0.45205344338878206
132,0.3578538973887016,0.4248089812809217,0.0001,0.0001,4.647828157932903e-07,0.014352543825202145,0.010155650593182498,2000,0.3578538973887016
133,0.4306469083819863,0.4249973365730397,0.0001,0.0001,7.14017046551466e-07,0.017806386776946508,0.011415903476186762,2000,0.4306469083819863
134,0.34319647926174923,0.4251973041252387,0.0001,0.0001,7.692557804816098e-07,0.018470280927172886,0.010115288722528124,2000,0.34319647926174923
135,0.43497304043192664,0.4254103720025191,0.0001,0.0001,6.977967774176424e-07,0.017580491190508613,0.009533954024701724,2000,0.43497304043192664
136,0.45456853956198073,0.42562340342576316,0.0001,0.0001,5.239950671440219e-07,0.01523023328176874,0.013087311631777846,2000,0.45456853956198073
137,0.45070539847810587,0.42582429896309104,0.0001,0.0001,7.276227160794561e-07,0.017955709181139222,0.012935508950691618,2000,0.45070539847810587
138,0.43843638260327533,0.42602521803907656,0.0001,0.0001,8.514042431387687e-07,0.019431548079752024,0.010159285902093739,2000,0.43843638260327533
139,0.3774634076253163,0.42621359026170985,0.0001,0.0001,6.822479456182747e-07,0.01740015444883524,0.009663523441898397,2000,0.3774634076253163
140,0.4237698084581503,0.42640228085549275,0.0001,0.0001,5.167085504982883e-07,0.015146169290444806,0.011375775347363762,2000,0.4237698084581503
141,0.3774837140154838,0.4265664930845392,0.0001,0.0001,6.928506208073229e-07,0.017556772648860467,0.0108103218042229,2000,0.3774837140154838
142,0.45453897635928786,0.4267921594699533,0.0001,0.0001,9.095399404544541e-07,0.019923895538212284,0.011516076385027494,2000,0.45453897635928786
143,0.42779349156270696,0.4269932846964958,0.0001,0.0001,8.151544017136394e-07,0.01900976861079301,0.013437576981471567,2000,0.42779349156270696
144,0.48540845357894224,0.4271568755136128,0.0001,0.0001,6.166235844454149e-07,0.01656565871525089,0.011569361318322502,2000,0.48540845357894224
145,0.450074175114753,0.42735774029880635,0.0001,0.0001,9.223615924614736e-07,0.020221139441624753,0.014149882923721442,2000,0.450074175114753
146,0.42095724261910317,0.42758362756733226,0.0001,0.0001,5.839849405788327e-07,0.01596081705216854,0.012580340539675453,2000,0.42095724261910317
147,0.3628789429022279,0.42780956988897967,0.0001,0.0001,6.670420022632051e-07,0.017056298487769933,0.010049750987843952,2000,0.3628789429022279
148,0.37368934928982156,0.42802321071163385,0.0001,0.0001,5.061535776526051e-07,0.014968992045345568,0.01116075400550326,2000,0.37368934928982156
149,0.43739133338259273,0.42822463090776175,0.0001,0.0001,8.823194807838253e-07,0.0197731270917688,0.00975624453058078,2000,0.43739133338259273
150,0.4360517635527327,0.42843839693815383,0.0001,0.0001,8.116737606069377e-07,0.018958050981187607,0.010242334874545858,2000,0.4360517635527327
151,0.4604117673587871,0.42865227178260934,0.0001,0.0001,9.049002714137942e-07,0.020010446621044467,0.015078502644560182,2000,0.4604117673587871
152,0.3671502107784257,0.4288661272836188,0.0001,0.0001,5.099345062137603e-07,0.01502188996133768,0.011236756763377223,2000,0.3671502107784257
153,0.3678197734816478,0.4290674201957326,0.0001,0.0001,6.39730224167471e-07,0.016837631846059534,0.009593789015405665,2000,0.3678197734816478
154,0.37896060926794267,0.42924325480849446,0.0001,0.0001,4.835567753786301e-07,0.014662172348869115,0.009959686902496266,2000,0.37896060926794267
155,0.49908976447992853,0.4294322096726444,0.0001,0.0001,8.99292215024247e-07,0.019974491814118644,0.013070718222677285,2000,0.49908976447992853
156,0.5002683134232275,0.4296462685369288,0.0001,0.0001,8.951755566700989e-07,0.019899361817495458,0.011626633814152989,2000,0.5002683134232275
157,0.37236423727506757,0.42982244287981536,0.0001,0.0001,6.201425675250464e-07,0.01660078398293549,0.011721014374321324,2000,0.37236423727506757
158,0.3671036151447378,0.4300118825006861,0.0001,0.0001,4.882499122557668e-07,0.01472067507753011,0.010410387217633104,2000,0.3671036151447378
159,0.3483058889618467,0.4302137306265157,0.0001,0.0001,5.43740017390931e-07,0.015519598917459224,0.008901459119845245,2000,0.3483058889618467
160,0.4571225237792751,0.4304028961892421,0.0001,0.0001,6.118404150235633e-07,0.016476463451069054,0.011967544575714958,2000,0.4571225237792751
161,0.43861973735052595,0.43060444511716084,0.0001,0.0001,7.071098204860512e-07,0.01769796877527829,0.010764044327928848,2000,0.43861973735052595
162,0.4695503022127133,0.43083114893219976,0.0001,0.0001,7.368072827479529e-07,0.017902030350289498,0.01004952305633296,2000,0.4695503022127133
163,0.46678351853037287,0.43105787626578534,0.0001,0.0001,8.255140054779086e-07,0.01894735827589292,0.012145981783716802,2000,0.46678351853037287
164,0.40292220409629587,0.43123451479953745,0.0001,0.0001,4.980430361824384e-07,0.014871876510453314,0.010491826591982436,2000,0.40292220409629587
165,0.3915089243014821,0.4314490694327314,0.0001,0.0001,7.008335753033859e-07,0.017596482293349397,0.010843639375119687,2000,0.3915089243014821
166,0.5054042144462378,0.4316636279732592,0.0001,0.0001,8.173165576609858e-07,0.019009522867516872,0.015125604985693418,2000,0.5054042144462378
167,0.4149089572253729,0.4318781285263833,0.0001,0.0001,6.7239789222175e-07,0.017241894662605874,0.012558018038234966,2000,0.4149089572253729
168,0.3305827872907234,0.43207946519354035,0.0001,0.0001,5.114924144183387e-07,0.015049169335328875,0.007984587345470693,2000,0.3305827872907234
169,0.3847849031551514,0.43228182029127316,0.0001,0.0001,5.512487018576351e-07,0.01562824415377633,0.009874099560714805,2000,0.3847849031551514
170,0.42458114323184604,0.43244629785744315,0.0001,0.0001,6.145125619923813e-07,0.0165380514099205,0.011587718659590691,2000,0.42458114323184604
171,0.3978936127069807,0.43264834722594475,0.0001,0.0001,6.891935857518323e-07,0.017469771993026503,0.012786022293465031,2000,0.3978936127069807
172,0.44924815759025094,0.4328383879841624,0.0001,0.0001,9.237340021585333e-07,0.0202369566194798,0.012956729623063185,2000,0.44924815759025094
173,0.44254374938052843,0.43304097215169196,0.0001,0.0001,8.577698548295836e-07,0.01948712234665816,0.013220949087226576,2000,0.44254374938052843
174,0.3489996699418346,0.43321773490230536,0.0001,0.0001,4.969007281608112e-07,0.014855707274730116,0.011148692027041171,2000,0.3489996699418346
175,0.4282116306681124,0.43342033272101244,0.0001,0.0001,8.781116404337991e-07,0.01972029012474047,0.011765677351139658,2000,0.4282116306681124
176,0.38452619359202056,0.4335725826596661,0.0001,0.0001,6.734505166792487e-07,0.017324095210579104,0.009973817749753462,2000,0.38452619359202056
177,0.39994917552054665,0.4337752096718619,0.0001,0.0001,9.22990568179214e-07,0.02021910384600855,0.007539278899727253,2000,0.39994917552054665
178,0.42186421007648556,0.4339403743382876,0.0001,0.0001,5.954856410649042e-07,0.016279436431733747,0.01193019377204066,2000,0.42186421007648556
179,0.3798120583054496,0.43412972807269123,0.0001,0.0001,5.564312615767668e-07,0.015714082844737687,0.009790040442634285,2000,0.3798120583054496
180,0.41033941088251935,0.4343200598865564,0.0001,0.0001,3.8411967462099936e-07,0.013055090918510981,0.010278274093831623,2000,0.41033941088251935
181,0.4591587866191833,0.4345476986358035,0.0001,0.0001,5.753647476864239e-07,0.015797111295735047,0.013223158674842363,2000,0.4591587866191833
182,0.4068113136222087,0.43476294367157675,0.0001,0.0001,6.956282917446805e-07,0.01753552490375811,0.01102728042214813,2000,0.4068113136222087
183,0.48834875423092855,0.4349655196694836,0.0001,0.0001,6.811547241228165e-07,0.01736390192508262,0.01205103836292236,2000,0.48834875423092855
184,0.3728326931421658,0.4351680960022928,0.0001,0.0001,5.38464096945661e-07,0.01543618027204979,0.01087695370314008,2000,0.3728326931421658
185,0.3955715301932776,0.43532007752942004,0.0001,0.0001,4.67435315584342e-07,0.014428435950755922,0.010951854561756066,2000,0.3955715301932776
186,0.3927788721430773,0.4355355359838546,0.0001,0.0001,7.542578951540544e-07,0.018254919535878964,0.009408701966160948,2000,0.3927788721430773
187,0.455193398899615,0.43576339693738186,0.0001,0.0001,7.339210937419954e-07,0.017833247554240192,0.010783024906811177,2000,0.455193398899615
188,0.4127953164918089,0.4359785080508685,0.0001,0.0001,5.330195063669998e-07,0.015341256424388496,0.01117959709543535,2000,0.4127953164918089
189,0.43878312225305405,0.43619408825365674,0.0001,0.0001,7.943596065934687e-07,0.01872904025841969,0.01176452379668681,2000,0.43878312225305405
190,0.35354085148784375,0.43638447977450184,0.0001,0.0001,4.378116035064583e-07,0.013931483285941406,0.01045036693583407,2000,0.35354085148784375
191,0.39641809223159596,0.4365877477490674,0.0001,0.0001,4.83238001570268e-07,0.014626907666575659,0.009312438183859097,2000,0.39641809223159596
192,0.367196545353603,0.43677753919538964,0.0001,0.0001,6.474130071517559e-07,0.016944611946740625,0.008919490387235041,2000,0.367196545353603
193,0.4958135823393519,0.4370057712296956,0.0001,0.0001,8.045626549789695e-07,0.018662675081005702,0.012166469892547983,2000,0.4958135823393519
194,0.47237730924960786,0.4372341144202593,0.0001,0.0001,8.330269133107154e-07,0.01898837990397452,0.014510664806660424,2000,0.47237730924960786
195,0.43105228276611324,0.4374500007963488,0.0001,0.0001,7.991151219052192e-07,0.01879638975035657,0.01086546836162678,2000,0.43105228276611324
196,0.5169832381296955,0.4376281466926174,0.0001,0.0001,8.751271512678403e-07,0.019717920609775424,0.013126855921262103,2000,0.5169832381296955
197,0.40928185717400045,0.4378565327605225,0.0001,0.0001,7.378995800118234e-07,0.017866620411650595,0.011714923946844626,2000,0.40928185717400045
198,0.3679899259363886,0.438084968335631,0.0001,0.0001,5.679621818471307e-07,0.015673200686732176,0.010031290922038296,2000,0.3679899259363886
199,0.45415901766095795,0.4383135461690978,0.0001,0.0001,7.150596895965682e-07,0.017584321669370066,0.012807824826639478,2000,0.45415901766095795
