# iterations;evaluations;p_advantages;m_advantages;p_dist_sup;p_dist_mean;m_dist_sup;m_dist_mean;alfa;beta;p_change;m_change;bound
0.000000000000000000000000000000e+00;4.533711817467617893884224145040e-02;3.936758684969744737092156583458e-02;9.270270499739493749258992670094e-19;1.600000000000000088817841970013e+00;1.398650836020234544676554833131e+00;2.775557561562891351059079170227e-16;1.136648048711513716697783816341e-17;2.225169628678289209227497691401e-04;0.000000000000000000000000000000e+00;1.000000000000000000000000000000e+00;1.000000000000000000000000000000e+00;4.379977930615079517360187233432e-06
1.000000000000000000000000000000e+00;4.541064509599625209634865541375e-02;3.938815462699730984841295367005e-02;9.283051806225821423739270993051e-19;1.599643972859411622522429752280e+00;1.398313830148252723262203289778e+00;2.775557561562891351059079170227e-16;1.136907411889702109370474367155e-17;2.227364370708849537327383982799e-04;0.000000000000000000000000000000e+00;0.000000000000000000000000000000e+00;1.000000000000000000000000000000e+00;4.386588612207237034370556350016e-06
2.000000000000000000000000000000e+00;4.548429136869976130430615057776e-02;3.940870783691408085758212109795e-02;9.295848853291604923605875473759e-19;1.599287673860315006635346435360e+00;1.397976508994817734787829976995e+00;2.775557561562891351059079170227e-16;1.137166466417885222447987806007e-17;2.229560967143187210238314266419e-04;0.000000000000000000000000000000e+00;1.000000000000000000000000000000e+00;1.000000000000000000000000000000e+00;4.393205837936674896604741236139e-06
3.000000000000000000000000000000e+00;4.555805713485022723219231011171e-02;3.942924639753211252246600793114e-02;9.308661646319404368483087065803e-19;1.598931102923027758322405134095e+00;1.397638872394401765575366880512e+00;2.775557561562891351059079170227e-16;1.137425211431067058519773874639e-17;2.231759417592195349731853948327e-04;0.000000000000000000000000000000e+00;1.000000000000000000000000000000e+00;1.000000000000000000000000000000e+00;4.399829598812772796635837263546e-06
4.000000000000000000000000000000e+00;4.563194253642510050950065192410e-02;3.944977022683697487348553067932e-02;9.321490190634211906027507855880e-19;1.598574259968324806635564527824e+00;1.397300920182019456916577837546e+00;2.775557561562891351059079170227e-16;1.137683646063840395613556752188e-17;2.233959721660362966397239681271e-04;0.000000000000000000000000000000e+00;0.000000000000000000000000000000e+00;1.000000000000000000000000000000e+00;4.406459885775501159207133416995e-06
5.000000000000000000000000000000e+00;4.570594771531498456962339105303e-02;3.947027924271571258652002711642e-02;9.334334491503185933595735625260e-19;1.598217144917439602735953485535e+00;1.396962652193227905073058536800e+00;2.775557561562891351059079170227e-16;1.137941769450387557567312810092e-17;2.236161878945758154507705839364e-04;0.000000000000000000000000000000e+00;0.000000000000000000000000000000e+00;1.000000000000000000000000000000e+00;4.413096689695246652444977908392e-06
6.000000000000000000000000000000e+00;4.578007281332193562084498239528e-02;3.949077336295750417782812746736e-02;9.347194554135491246058979709203e-19;1.597859757692065230116895691026e+00;1.396624068264133100569779344369e+00;2.775557561562891351059079170227e-16;1.138199580724488425897839262982e-17;2.238365889040030531475372610473e-04;0.000000000000000000000000000000e+00;1.000000000000000000000000000000e+00;1.000000000000000000000000000000e+00;4.419740001372738495992367052656e-06
7.000000000000000000000000000000e+00;4.585431797215877569584563389071e-02;3.951125250525393955980391069716e-02;9.360070383682035183400679945650e-19;1.597502098214356625049958893214e+00;1.396285168231387707749036053428e+00;2.775557561562891351059079170227e-16;1.138457079019522134619105229452e-17;2.240571751528391722212141257131e-04;0.000000000000000000000000000000e+00;0.000000000000000000000000000000e+00;1.000000000000000000000000000000e+00;4.426389811538870584090021864654e-06
8.000000000000000000000000000000e+00;4.592868333344730935596800236453e-02;3.953171658719985270824537337830e-02;9.372961985235355926779732215545e-19;1.597144166406929910451140131045e+00;1.395945951932200834733066585613e+00;2.775557561562891351059079170227e-16;1.138714263468479550268291361349e-17;2.242779465989623761696530879206e-04;0.000000000000000000000000000000e+00;0.000000000000000000000000000000e+00;1.000000000000000000000000000000e+00;4.433046110854662522060814361380e-06
9.000000000000000000000000000000e+00;4.600316903871731061270722307199e-02;3.955216552629338411239956485588e-02;9.385869363829308571949553323388e-19;1.596785962192865726549939608958e+00;1.395606419204331816175113090139e+00;2.775557561562891351059079170227e-16;1.138971133203959111897109967344e-17;2.244989031996056326728056218300e-04;0.000000000000000000000000000000e+00;0.000000000000000000000000000000e+00;1.000000000000000000000000000000e+00;4.439708889911060573567162801378e-06
1.000000000000000000000000000000e+01;4.607777522940545433804970798519e-02;3.957259923993668854214078578480e-02;9.398792524438895647422974920482e-19;1.596427485495708786800150846830e+00;1.395266569886096430508359844680e+00;2.775557561562891351059079170227e-16;1.139227687358176229609933622640e-17;2.247200449113569717483201992891e-04;0.000000000000000000000000000000e+00;1.000000000000000000000000000000e+00;1.000000000000000000000000000000e+00;4.446378139228852957316306254709e-06
1.100000000000000000000000000000e+01;4.615250204685364399104230415105e-02;3.959301764543646934280118898641e-02;9.411731471980109188216803751592e-19;1.596068736239470542415119780344e+00;1.394926403816372006971846531087e+00;2.775557561562891351059079170227e-16;1.139483925062970217911594963022e-17;2.249413716901583744443154921910e-04;0.000000000000000000000000000000e+00;0.000000000000000000000000000000e+00;1.000000000000000000000000000000e+00;4.453053849258562273876003306805e-06
1.200000000000000000000000000000e+01;4.622734963230820670609944045282e-02;3.961342066000425599092693573766e-02;9.424686211309609105551108986558e-19;1.595709714348628960323139835964e+00;1.394585920834592096539950034639e+00;2.775557561562891351059079170227e-16;1.139739845449804295707386684859e-17;2.251628834913051765281855054468e-04;0.000000000000000000000000000000e+00;1.000000000000000000000000000000e+00;1.000000000000000000000000000000e+00;4.459736010380300663040551573113e-06
1.300000000000000000000000000000e+01;4.630231812691829734740522894754e-02;3.963380820075722288375885682399e-02;9.437656747224655779301168667040e-19;1.595350419748131187702711031307e+00;1.394245120780759128464865170827e+00;2.775557561562891351059079170227e-16;1.139995447649777604105914521454e-17;2.253845802694457161208935191965e-04;0.000000000000000000000000000000e+00;0.000000000000000000000000000000e+00;1.000000000000000000000000000000e+00;4.466424612903691876799640303464e-06
1.400000000000000000000000000000e+01;4.637740767173480910257055143120e-02;3.965418018471829342264101114779e-02;9.450643084462771094327257553007e-19;1.594990852363393551982539975143e+00;1.393904003495437082804642159317e+00;2.775557561562891351059079170227e-16;1.140250730793622895303163978361e-17;2.256064619785797887088762969654e-04;0.000000000000000000000000000000e+00;0.000000000000000000000000000000e+00;1.000000000000000000000000000000e+00;4.473119647067701025715952267703e-06
1.500000000000000000000000000000e+01;4.645261840770900652053398971475e-02;3.967453652881700737475867413195e-02;9.463645227701626736537872663062e-19;1.594631012120303781287589117710e+00;1.393562568819759706073568850115e+00;2.775557561562891351059079170227e-16;1.140505694011717471864584452885e-17;2.258285285720591079299673920033e-04;0.000000000000000000000000000000e+00;0.000000000000000000000000000000e+00;1.000000000000000000000000000000e+00;4.479821103040576980684750463269e-06
1.600000000000000000000000000000e+01;4.652795047569145692190062391091e-02;3.969487714988972903995545493672e-02;9.476663181558749525608242027348e-19;1.594270898945221226483681675745e+00;1.393220816595429623063751023437e+00;2.775557561562891351059079170227e-16;1.140760336434083340799484785060e-17;2.260507800025857063751927311657e-04;0.000000000000000000000000000000e+00;0.000000000000000000000000000000e+00;1.000000000000000000000000000000e+00;4.486528970919694824805688815328e-06
1.700000000000000000000000000000e+01;4.660340401643038588108680642108e-02;3.971520196468043134574443797646e-02;9.489696950591427044413049712999e-19;1.593910512764979303668155807827e+00;1.392878746664725664317074915743e+00;2.775557561562891351059079170227e-16;1.141014657190400309884655090857e-17;2.262732162222118000634990542252e-04;0.000000000000000000000000000000e+00;0.000000000000000000000000000000e+00;1.000000000000000000000000000000e+00;4.493243240731472844153981255344e-06
1.800000000000000000000000000000e+01;4.667897917057083762015778916066e-02;3.973551088984084156408016497153e-02;9.502746539296349416056779798268e-19;1.593549853506885494169864614378e+00;1.392536358870496870920874243893e+00;2.775557561562891351059079170227e-16;1.141268655409999516539753621063e-17;2.264958371823386500294728040927e-04;0.000000000000000000000000000000e+00;0.000000000000000000000000000000e+00;1.000000000000000000000000000000e+00;4.499963902431217520751054184114e-06
1.900000000000000000000000000000e+01;4.675467607865310681880544052547e-02;3.975580384193133642867223898065e-02;9.515811952109557303765217917160e-19;1.593188921098723787039830313006e+00;1.392193653056172708559756756586e+00;2.775557561562891351059079170227e-16;1.141522330221879759713235165050e-17;2.267186428337165894283944389542e-04;0.000000000000000000000000000000e+00;0.000000000000000000000000000000e+00;1.000000000000000000000000000000e+00;4.506690945903065087291185925045e-06
2.000000000000000000000000000000e+01;4.683049488111161451353581242074e-02;3.977608073742121275184757678289e-02;9.528893193406112576864961042099e-19;1.592827715468754234962034388445e+00;1.391850629065761291158764834108e+00;2.775557561562891351059079170227e-16;1.141775680754706729510373295877e-17;2.269416331264441561745004438677e-04;0.000000000000000000000000000000e+00;1.000000000000000000000000000000e+00;1.000000000000000000000000000000e+00;4.513424360959834143408684475895e-06
2.100000000000000000000000000000e+01;4.690643571827345092994931974317e-02;3.979634149268936049725908787877e-02;9.541990267499982754986754249779e-19;1.592466236545716729011701318086e+00;1.391507286743855598132313389215e+00;2.775557561562891351059079170227e-16;1.142028706136821635359411225103e-17;2.271648080099670087388108452586e-04;0.000000000000000000000000000000e+00;1.000000000000000000000000000000e+00;1.000000000000000000000000000000e+00;4.520164137342932482053689535739e-06
2.200000000000000000000000000000e+01;4.698249873035724444303440350268e-02;3.981658602402454727453573468665e-02;9.555103178643736711134277537900e-19;1.592104484258829444343064096756e+00;1.391163625935629255536696291529e+00;2.775557561562891351059079170227e-16;1.142281405496241051937166251815e-17;2.273881674330776279935317774061e-04;0.000000000000000000000000000000e+00;0.000000000000000000000000000000e+00;1.000000000000000000000000000000e+00;4.526910264722216482022928291107e-06
2.300000000000000000000000000000e+01;4.705868405747181543175017282010e-02;3.983681424762618161761196233783e-02;9.568231931028421412167705042070e-19;1.591742458537791948813833187160e+00;1.390819646486844751720468593703e+00;2.775557561562891351059079170227e-16;1.142533777960668474748696086039e-17;2.276117113439147751109692396909e-04;0.000000000000000000000000000000e+00;0.000000000000000000000000000000e+00;1.000000000000000000000000000000e+00;4.533662732695921651258040563359e-06
2.400000000000000000000000000000e+01;4.713499183961487870586637427550e-02;3.985702607960471544057412529583e-02;9.581376528783307696051045920674e-19;1.591380159312785425029801444907e+00;1.390475348243852327101421906264e+00;2.775557561562891351059079170227e-16;1.142785822657495552722463256571e-17;2.278354396899631391978230388062e-04;0.000000000000000000000000000000e+00;1.000000000000000000000000000000e+00;1.000000000000000000000000000000e+00;4.540421530790534724870543409336e-06
2.500000000000000000000000000000e+01;4.721142221667165572718261046248e-02;3.987722143598219914917279993460e-02;9.594536975975689975137928082349e-19;1.591017586514474446701683518768e+00;1.390130731053595081192497673328e+00;2.775557561562891351059079170227e-16;1.143037538713808713409343803068e-17;2.280593524180520633576341182902e-04;0.000000000000000000000000000000e+00;1.000000000000000000000000000000e+00;1.000000000000000000000000000000e+00;4.547186648460681856792793553712e-06
2.600000000000000000000000000000e+01;4.728797532841391704216960079066e-02;3.989740023269275348560825023014e-02;9.607713276610674383877715590034e-19;1.590654740074008088868140475824e+00;1.389785794763608750557182247576e+00;2.775557561562891351059079170227e-16;1.143288925256393939288889356397e-17;2.282834494743551110099155643240e-04;0.000000000000000000000000000000e+00;0.000000000000000000000000000000e+00;1.000000000000000000000000000000e+00;4.553958075089021046593686092852e-06
2.700000000000000000000000000000e+01;4.736465131449824755849320467860e-02;3.991756238558331199017814583385e-02;9.620905434631024704419957682104e-19;1.590291619923021482208014276694e+00;1.389440539222026815835420165968e+00;2.775557561562891351059079170227e-16;1.143539981411745704084269095403e-17;2.285077308043903369406957271082e-04;0.000000000000000000000000000000e+00;0.000000000000000000000000000000e+00;1.000000000000000000000000000000e+00;4.560735799986164212447507099180e-06
2.800000000000000000000000000000e+01;4.744145031446500571092883546953e-02;3.993770781041387774035200664002e-02;9.634113453916865773402953138051e-19;1.589928225993635590995722850494e+00;1.389094964277580945832823999808e+00;2.775557561562891351059079170227e-16;1.143790706306066972762269746915e-17;2.287321963530184983689336197799e-04;0.000000000000000000000000000000e+00;1.000000000000000000000000000000e+00;1.000000000000000000000000000000e+00;4.567519812390534889598794898724e-06
2.900000000000000000000000000000e+01;4.751837246773683853806602428449e-02;3.995783642285822417905549741590e-02;-4.067277012773113514798595247157e-04;1.589564558218460321725729045284e+00;1.388749069779604106145143305184e+00;6.674318699100456608874765151995e-01;9.558924788974219877157878499929e-02;2.289568460644431091566275426885e-04;0.000000000000000000000000000000e+00;0.000000000000000000000000000000e+00;0.000000000000000000000000000000e+00;4.574310101468275056738142098078e-06
3.000000000000000000000000000000e+01;4.759541791361757145928379486577e-02;3.997794813850438777613760521490e-02;-4.062446999219120362042967364857e-04;1.589200616530594745157145553094e+00;1.388402855578030559158264622965e+00;6.674318699100456608874765151995e-01;9.558618763871531975873097053409e-02;2.291816798822100061279460891939e-04;0.000000000000000000000000000000e+00;1.000000000000000000000000000000e+00;1.000000000000000000000000000000e+00;4.581106656313152809410944865665e-06
3.100000000000000000000000000000e+01;4.767258679129071641256132352282e-02;3.999804287285523007877685586209e-02;-4.057601829727679773433812737693e-04;1.588836400863628428581364460115e+00;1.388056321523402081297149379679e+00;6.674318699100456608874765151995e-01;9.558311973599060984430053622418e-02;2.294066977492062648670556601616e-04;0.000000000000000000000000000000e+00;1.000000000000000000000000000000e+00;1.000000000000000000000000000000e+00;4.587909465946448010569523601188e-06
3.200000000000000000000000000000e+01;4.774987923981828530362037099621e-02;4.001812054132895812852410699634e-02;-4.052741489204975794923002663239e-04;1.588471911151642546045081871853e+00;1.387709467466867074847414187388e+00;6.674318699100456608874765151995e-01;9.558004417095944393878426126321e-02;2.296318996076602539282290882383e-04;0.000000000000000000000000000000e+00;1.000000000000000000000000000000e+00;1.000000000000000000000000000000e+00;4.594718519316849799586505165294e-06
3.300000000000000000000000000000e+01;4.782729539813938834935669319748e-02;4.003818105925974202285999581363e-02;-4.047865962613396428881884503426e-04;1.588107147329211432662532388349e+00;1.387362293260187007248873669596e+00;6.674318699100456608874765151995e-01;9.557696093301520923191105794103e-02;2.298572853991404964235645280723e-04;0.000000000000000000000000000000e+00;0.000000000000000000000000000000e+00;1.000000000000000000000000000000e+00;4.601533805300364265663572160836e-06
3.400000000000000000000000000000e+01;4.790483540506891568799829883574e-02;4.005822434189820757666211648029e-02;-4.042975234971827994991111498990e-04;1.587742109331403472793908804306e+00;1.387014798755733524515676435840e+00;6.674318699100456608874765151995e-01;9.557387001155331907042977945821e-02;2.300828550645557513381483927262e-04;0.000000000000000000000000000000e+00;0.000000000000000000000000000000e+00;1.000000000000000000000000000000e+00;4.608355312700211956844845162529e-06
3.500000000000000000000000000000e+01;4.798249939929631613377836174550e-02;4.007825030441194980035390926787e-02;-4.038069291355972801477181022278e-04;1.587376797093781988223781809211e+00;1.386666983806494224396033132507e+00;6.674318699100456608874765151995e-01;9.557077139597119908032141211152e-02;2.303086085441539835379914924474e-04;0.000000000000000000000000000000e+00;1.000000000000000000000000000000e+00;1.000000000000000000000000000000e+00;4.615183030246717765733739657907e-06
3.600000000000000000000000000000e+01;4.806028751938407755917026520365e-02;4.009825886188625454487066690490e-02;-4.033148116898663563742455373529e-04;1.587011210552408346785568937776e+00;1.386318848266075764996685393271e+00;6.674318699100456608874765151995e-01;9.556766507566866186706988628430e-02;2.305345457775220385093772890173e-04;0.000000000000000000000000000000e+00;0.000000000000000000000000000000e+00;1.000000000000000000000000000000e+00;4.622016946597222838066451600092e-06
3.700000000000000000000000000000e+01;4.813819990376649177177270644279e-02;4.011824992932445932414253775278e-02;-4.028211696790153428446301653310e-04;1.586645349643839741915485319623e+00;1.385970391988703198649091063999e+00;6.674318699100456608874765151995e-01;9.556455104004754619317907327058e-02;2.307606667035850731527213408611e-04;0.000000000000000000000000000000e+00;0.000000000000000000000000000000e+00;1.000000000000000000000000000000e+00;4.628857050335984622824181400347e-06
3.800000000000000000000000000000e+01;4.821623669074837081893747381400e-02;4.013822342164861251001539699246e-02;-4.023260016278423344820991403026e-04;1.586279214305133855589247104945e+00;1.385621614829222858489288228157e+00;6.674318699100456608874765151995e-01;9.556142927851202228950455719314e-02;2.309869712606062305219195573969e-04;0.000000000000000000000000000000e+00;1.000000000000000000000000000000e+00;1.000000000000000000000000000000e+00;4.635703329974070993114727140538e-06
3.900000000000000000000000000000e+01;4.829439801850360369783743408334e-02;4.015817925370006313823267873886e-02;-4.018293060669511662132136198267e-04;1.585912804473847970143651764374e+00;1.385272516643107687528413407563e+00;6.674318699100456608874765151995e-01;9.555829978046878614428294440586e-02;2.312134593861859079878817713194e-04;0.000000000000000000000000000000e+00;1.000000000000000000000000000000e+00;1.000000000000000000000000000000e+00;4.642555773949277236943653651702e-06
4.000000000000000000000000000000e+01;4.837268402507388653788211740903e-02;4.017811734023998826437207299023e-02;-4.013310815327800901153310064728e-04;1.585546120088040744633417489240e+00;1.384923097286457016608096637356e+00;6.674318699100456608874765151995e-01;9.555516253532686521410255409137e-02;2.314401310172613506627170565366e-04;0.000000000000000000000000000000e+00;0.000000000000000000000000000000e+00;1.000000000000000000000000000000e+00;4.649414370626022719194727489400e-06
4.100000000000000000000000000000e+01;4.845109484836741808866378278253e-02;4.019803759594997583093345383531e-02;-4.008313265676338678009105187527e-04;1.585179161086273325054207816720e+00;1.384573356615998340757300866244e+00;6.674318699100456608874765151995e-01;9.555201753249786822408395892126e-02;2.316669860901063532441362946557e-04;0.000000000000000000000000000000e+00;0.000000000000000000000000000000e+00;1.000000000000000000000000000000e+00;4.656279108295257708005718960687e-06
4.200000000000000000000000000000e+01;4.852963062615742173555588578893e-02;4.021793993543264916779023110394e-02;-4.003300397197145617592117794459e-04;1.584811927407612008877890730218e+00;1.384223294489094202575074632477e+00;6.674318699100456608874765151995e-01;9.554886476139606843460683194280e-02;2.318940245403302029183340016161e-04;0.000000000000000000000000000000e+00;0.000000000000000000000000000000e+00;1.000000000000000000000000000000e+00;4.663149975174372742243045913968e-06
4.300000000000000000000000000000e+01;4.860829149608086874323475967685e-02;4.023782427321209026471748870790e-02;-3.998272195431513509160381669716e-04;1.584444418991625580517279558990e+00;1.383872910763737529293848638190e+00;6.674318699100456608874765151995e-01;9.554570421143833425237090750670e-02;2.321212463028780046206400733411e-04;0.000000000000000000000000000000e+00;0.000000000000000000000000000000e+00;1.000000000000000000000000000000e+00;4.670026959407094446449261460064e-06
4.400000000000000000000000000000e+01;4.868707759563718068251958470682e-02;4.025769052373467937755435741565e-02;-3.993228645980327314382596348707e-04;1.584076635778391750619675804046e+00;1.383522205298560514563632750651e+00;6.674318699100456608874765151995e-01;9.554253587204439290836432974174e-02;2.323486513120298949889447337469e-04;0.000000000000000000000000000000e+00;0.000000000000000000000000000000e+00;1.000000000000000000000000000000e+00;4.676910049063419462273168136779e-06
4.500000000000000000000000000000e+01;4.876598906218677920154647154050e-02;4.027753860136939340064188286306e-02;-3.988169734504361696632301903520e-04;1.583708577708493603353190337657e+00;1.383171177952833730273596302141e+00;6.674318699100456608874765151995e-01;9.553935973263674719113680566807e-02;2.325762395014000936867976099265e-04;0.000000000000000000000000000000e+00;0.000000000000000000000000000000e+00;1.000000000000000000000000000000e+00;4.683799232139487393527729763854e-06
4.600000000000000000000000000000e+01;4.884502603294974681924500714558e-02;4.029736842040866628966711004978e-02;-3.983095446724606823740710837001e-04;1.583340244723024037298841903976e+00;1.382819828586469457221141965420e+00;6.674318699100456608874765151995e-01;9.553617578264088361361672241401e-02;2.328040108039374997146025991768e-04;0.000000000000000000000000000000e+00;0.000000000000000000000000000000e+00;1.000000000000000000000000000000e+00;4.690694496557535913443866965045e-06
4.700000000000000000000000000000e+01;4.892418864500441832987576162850e-02;4.031717989506866661741923962836e-02;-3.978005768422558392077847955193e-04;1.582971636763585321361347268976e+00;1.382468157060022351245720528823e+00;6.674318699100456608874765151995e-01;9.553298401148513363523306907155e-02;2.330319651519240108962505164669e-04;0.000000000000000000000000000000e+00;0.000000000000000000000000000000e+00;1.000000000000000000000000000000e+00;4.697595830165747451707004139765e-06
4.800000000000000000000000000000e+01;4.900347703528616649659710446940e-02;4.033697293949017881331542412227e-02;-3.972900685440527708373881221604e-04;1.582602753772290427036750770640e+00;1.382116163234693440031719546823e+00;6.674318699100456608874765151995e-01;9.552978440860095121767159298543e-02;2.332601024769753641358027707042e-04;0.000000000000000000000000000000e+00;0.000000000000000000000000000000e+00;1.000000000000000000000000000000e+00;4.704503220738230559732229868475e-06
4.900000000000000000000000000000e+01;4.908289134058574365582217069459e-02;4.035674746773904031371671408124e-02;-3.967780183681974539786074807068e-04;1.582233595691765248858473569271e+00;1.381763846972333231732932290470e+00;6.674318699100456608874765151995e-01;9.552657696342294058045041538207e-02;2.334884227100395633243412607527e-04;0.000000000000000000000000000000e+00;0.000000000000000000000000000000e+00;1.000000000000000000000000000000e+00;4.711416655974886926491577987530e-06
5.000000000000000000000000000000e+01;4.916243169754842823326868028744e-02;4.037650339380668973454646675236e-02;-3.962644249111776538138651737597e-04;1.581864162465148382352708722465e+00;1.381411208135440604749533122231e+00;6.674318699100456608874765151995e-01;9.552336166538874517861756885395e-02;2.337169257813971232854571846715e-04;0.000000000000000000000000000000e+00;1.000000000000000000000000000000e+00;1.000000000000000000000000000000e+00;4.718336123501324981153407650547e-06
5.100000000000000000000000000000e+01;4.924209824267203328140851681383e-02;4.039624063161104811081614229806e-02;-3.957492867756597868661438965887e-04;1.581494454036093344484470435418e+00;1.381058246587172577690694197372e+00;6.674318699100456608874765151995e-01;9.552013850393965832541454119564e-02;2.339456116206607987247079183390e-04;0.000000000000000000000000000000e+00;0.000000000000000000000000000000e+00;1.000000000000000000000000000000e+00;4.725261610868818388467987867685e-06
5.200000000000000000000000000000e+01;4.932189111230607381219925855476e-02;4.041595909499677563569974836355e-02;-3.952326025705136408085194066331e-04;1.581124470348769017746803910995e+00;1.380704962191336315768808162829e+00;6.674318699100456608874765151995e-01;9.551690746851995705846150030993e-02;2.341744801567749066032592120123e-04;0.000000000000000000000000000000e+00;1.000000000000000000000000000000e+00;1.000000000000000000000000000000e+00;4.732193105554176452726567597695e-06
5.300000000000000000000000000000e+01;4.940181044264996268466916262696e-02;4.043565869773611820559011675869e-02;-3.947143709108486410268301636250e-04;1.580754211347862092651439525071e+00;1.380351354812402675520388584118e+00;6.674318699100456608874765151995e-01;9.551366854857765154029891618848e-02;2.344035313180144858812015140614e-04;0.000000000000000000000000000000e+00;0.000000000000000000000000000000e+00;1.000000000000000000000000000000e+00;4.739130594959667884796122860891e-06
5.400000000000000000000000000000e+01;4.948185636975179629848398121794e-02;4.045533935352937926488436914951e-02;-3.941945904180398172617083574210e-04;1.580383676978576179550373126403e+00;1.379997424315498433244897569239e+00;6.674318699100456608874765151995e-01;9.551042173356411035811674992146e-02;2.346327650319861377742336472352e-04;0.000000000000000000000000000000e+00;1.000000000000000000000000000000e+00;1.000000000000000000000000000000e+00;4.746074066412961509813048938122e-06
5.500000000000000000000000000000e+01;4.956202902950694599848446841861e-02;4.047500097600553736754136480158e-02;-3.936732597197622270275563227671e-04;1.580012867186635361349544837140e+00;1.379643170566414500655127994833e+00;6.674318699100456608874765151995e-01;9.550716701293421317942033965664e-02;2.348621812256261283998609590284e-04;0.000000000000000000000000000000e+00;1.000000000000000000000000000000e+00;1.000000000000000000000000000000e+00;4.753023507167004294438755751528e-06
5.600000000000000000000000000000e+01;4.964232855765690621829833162337e-02;4.049464347872294700536599521001e-02;-3.931503774500208253823985149467e-04;1.579641781918283527375024277717e+00;1.379288593431606368966413356247e+00;6.674318699100456608874765151995e-01;9.550390437614654504105971000172e-02;2.350917798252013645593505586362e-04;0.000000000000000000000000000000e+00;0.000000000000000000000000000000e+00;1.000000000000000000000000000000e+00;4.759978904399981536311146912421e-06
5.700000000000000000000000000000e+01;4.972275508978744873456179220739e-02;4.051426677516994923067272793560e-02;-3.926259422491832620435991962893e-04;1.579270421120285927685245042085e+00;1.378933692778200326145565668412e+00;6.674318699100456608874765151995e-01;9.550063381266363227162230487011e-02;2.353215607563082824305045193114e-04;0.000000000000000000000000000000e+00;0.000000000000000000000000000000e+00;1.000000000000000000000000000000e+00;4.766940245215219455255685476747e-06
5.800000000000000000000000000000e+01;4.980330876132755407725838381339e-02;4.053387077876538513443449573970e-02;-3.920999527640074201230435679832e-04;1.578898784739931615561658873048e+00;1.378578468473988793974172040180e+00;6.674318699100456608874765151995e-01;9.549735531195155391337436867616e-02;2.355515239438726578322796934017e-04;0.000000000000000000000000000000e+00;1.000000000000000000000000000000e+00;1.000000000000000000000000000000e+00;4.773907516641097101858879497849e-06
5.900000000000000000000000000000e+01;4.988398970754803762872597872047e-02;4.055345540285928973567308730708e-02;-3.502006663861276063165473004801e-03;1.578526872725033003419525812205e+00;1.378222920387438321654371975455e+00;9.001197461938615917986794556782e-01;1.424056390799521287782170020364e-01;2.357816693121492809641359666983e-04;0.000000000000000000000000000000e+00;0.000000000000000000000000000000e+00;0.000000000000000000000000000000e+00;4.780880705630981982964290699645e-06
6.000000000000000000000000000000e+01;4.996479806355984265575642666590e-02;4.057302056073357199306173015430e-02;-3.507102886634578045588206407501e-03;1.578154685023927861209358525230e+00;1.377867048387691362165696773445e+00;9.001197461938615917986794556782e-01;1.424152258333502285569949208366e-01;2.360119967847218750908733220228e-04;0.000000000000000000000000000000e+00;0.000000000000000000000000000000e+00;1.000000000000000000000000000000e+00;4.787859799063153828707281589594e-06
6.100000000000000000000000000000e+01;5.004573396431299947550996876089e-02;4.059256616560246583302884459954e-02;-3.512205323171696015605025564810e-03;1.577782221585480204595342001994e+00;1.377510852344564273863625203376e+00;9.001197461938615917986794556782e-01;1.424248054680627151302729771487e-01;2.362425062845022562859481629616e-04;0.000000000000000000000000000000e+00;1.000000000000000000000000000000e+00;1.000000000000000000000000000000e+00;4.794844783740708030759028468459e-06
6.200000000000000000000000000000e+01;5.012679754459514747111370525090e-02;4.061209213061338363370822435172e-02;-3.517313974166385789899003100345e-03;1.577409482359081627222963106760e+00;1.377154332128556202263780505746e+00;9.001197461938615917986794556782e-01;1.424343779599814285852232842444e-01;2.364731977337306044820164352416e-04;0.000000000000000000000000000000e+00;0.000000000000000000000000000000e+00;1.000000000000000000000000000000e+00;4.801835646391512443646211460990e-06
6.300000000000000000000000000000e+01;5.020798893902961995694411712066e-02;4.063159836884747133645134908875e-02;-3.522428840283319678716722478384e-03;1.577036467294652632986640128365e+00;1.376797487610849080041930392326e+00;9.001197461938615917986794556782e-01;1.424439432849842479544832940519e-01;2.367040710539747587395215111528e-04;0.000000000000000000000000000000e+00;0.000000000000000000000000000000e+00;1.000000000000000000000000000000e+00;4.808832373668120140357447322987e-06
6.400000000000000000000000000000e+01;5.028930828207495845605379258814e-02;4.065108479331999702388600326231e-02;-3.527549922157945973266723882489e-03;1.576663176342643524208142480347e+00;1.376440318663303630231098395598e+00;9.001197461938615917986794556782e-01;1.424535014189345361046434845775e-01;2.369351261661297564607708832085e-04;0.000000000000000000000000000000e+00;1.000000000000000000000000000000e+00;1.000000000000000000000000000000e+00;4.815834952147655062895410110757e-06
6.500000000000000000000000000000e+01;5.037075570802262980407704162644e-02;4.067055131698149583741042079055e-02;-3.532677220396497185656015105337e-03;1.576289609454035289815010401071e+00;1.376082825158474021165488920815e+00;9.001197461938615917986794556782e-01;1.424630523376827218040574507540e-01;2.371663629904184297011310311731e-04;0.000000000000000000000000000000e+00;1.000000000000000000000000000000e+00;1.000000000000000000000000000000e+00;4.822843368331836586232301555821e-06
6.600000000000000000000000000000e+01;5.045233135099624899311265835422e-02;4.068999785271786018281403585206e-02;-3.537810735575801397712059070955e-03;1.575915766580341381697394353978e+00;1.375725006969598540607080394693e+00;9.001197461938615917986794556782e-01;1.424725960170648009217586604791e-01;2.373977814463898059708230059428e-04;0.000000000000000000000000000000e+00;0.000000000000000000000000000000e+00;1.000000000000000000000000000000e+00;4.829857608646792324028507864542e-06
6.700000000000000000000000000000e+01;5.053403534494969873147596217677e-02;4.070942431335147770887772367132e-02;-3.542950468243274454727131939080e-03;1.575541647673608824931079652742e+00;1.375366863970611586154291217099e+00;9.001197461938615917986794556782e-01;1.424821324329039740064217767213e-01;2.376293814529200840168776664996e-04;0.000000000000000000000000000000e+00;0.000000000000000000000000000000e+00;1.000000000000000000000000000000e+00;4.836877659443089468851648127234e-06
6.800000000000000000000000000000e+01;5.061586782366585268722047885603e-02;4.072883061164150886312995680782e-02;-3.548096418916776850771555018582e-03;1.575167252686418883911301236367e+00;1.375008396036138114126856635266e+00;9.001197461938615917986794556782e-01;1.424916615610096470856404948790e-01;2.378611629282117122512890672326e-04;0.000000000000000000000000000000e+00;1.000000000000000000000000000000e+00;1.000000000000000000000000000000e+00;4.843903506995598419872066375813e-06
6.900000000000000000000000000000e+01;5.069782892075540281506818018897e-02;4.074821666028462935349452322953e-02;-3.553248588084544339754655695174e-03;1.574792581571888394620373219368e+00;1.374649603041498746591742019518e+00;9.001197461938615917986794556782e-01;1.425011833771779035107130084725e-01;2.380931257897930634903627122867e-04;0.000000000000000000000000000000e+00;0.000000000000000000000000000000e+00;1.000000000000000000000000000000e+00;4.850935137503446196050732597271e-06
7.000000000000000000000000000000e+01;5.077991876965509687735789157159e-02;4.076758237191588363224070690194e-02;-3.558406976205119847528335341735e-03;1.574417634283671318939923366997e+00;1.374290484862717098835105389298e+00;9.001197461938615917986794556782e-01;1.425106978571922256016080154950e-01;2.383252699545187060052586769388e-04;0.000000000000000000000000000000e+00;1.000000000000000000000000000000e+00;1.000000000000000000000000000000e+00;4.857972537089966461195354729963e-06
7.100000000000000000000000000000e+01;5.086213750362642005420354962553e-02;4.078692765910905959625409877845e-02;-3.563571583707238546456785854843e-03;1.574042410775959410784707870334e+00;1.373931041376514894380989062483e+00;9.001197461938615917986794556782e-01;1.425202049768227730019987120613e-01;2.385575953385684277400363706434e-04;0.000000000000000000000000000000e+00;1.000000000000000000000000000000e+00;1.000000000000000000000000000000e+00;4.865015691802602115171444419062e-06
7.200000000000000000000000000000e+01;5.094448525575419328692561293792e-02;4.080625243437752125430506566772e-02;-3.568742410989749359179201704251e-03;1.573666911003483992459450746537e+00;1.373571272460317294061837856134e+00;9.001197461938615917986794556782e-01;1.425297047118271875909556456463e-01;2.387901018574478597279037161982e-04;0.000000000000000000000000000000e+00;0.000000000000000000000000000000e+00;1.000000000000000000000000000000e+00;4.872064587612870565551479590249e-06
7.300000000000000000000000000000e+01;5.102696215894505366028610637841e-02;4.082555661017481241081839016260e-02;-3.573919458421528222435981092531e-03;1.573291134921515732614238913811e+00;1.373211177992256004642968036933e+00;9.001197461938615917986794556782e-01;1.425391970379500661270100181355e-01;2.390227894259877713598050341659e-04;0.000000000000000000000000000000e+00;1.000000000000000000000000000000e+00;1.000000000000000000000000000000e+00;4.879119210416280718386073528281e-06
7.400000000000000000000000000000e+01;5.110956834592639275172132329317e-02;4.084484009889523259406729494003e-02;-3.579102726341387881447975161109e-03;1.572915082485867532824386216816e+00;1.372850757851171499268616571499e+00;9.001197461938615917986794556782e-01;1.425486819309238484265733859502e-01;2.392556579583432572327916787458e-04;0.000000000000000000000000000000e+00;0.000000000000000000000000000000e+00;1.000000000000000000000000000000e+00;4.886179546032250816008091209852e-06
7.500000000000000000000000000000e+01;5.119230394924423332980722989305e-02;4.086410281287484319578950930918e-02;-3.584292215058017608275697796216e-03;1.572538753652894749635038351698e+00;1.372490011916615681997200226760e+00;9.001197461938615917986794556782e-01;1.425581593664687063416351975320e-01;2.394887073679953905583350781683e-04;0.000000000000000000000000000000e+00;1.000000000000000000000000000000e+00;1.000000000000000000000000000000e+00;4.893245580204132153955172424009e-06
7.600000000000000000000000000000e+01;5.127516910126238280920318857170e-02;4.088334466439162706574705907769e-02;-3.589487924849839653451688548103e-03;1.572162148379496304784197491244e+00;1.372128940068851887801315569959e+00;9.001197461938615917986794556782e-01;1.425676293202923217151578683115e-01;2.397219375677487837074386423097e-04;0.000000000000000000000000000000e+00;0.000000000000000000000000000000e+00;1.000000000000000000000000000000e+00;4.900317298599025274820177588975e-06
7.700000000000000000000000000000e+01;5.135816393416059444376742249005e-02;4.090256556566655016249356435765e-02;-3.594689855964976719915338065903e-03;1.571785266623116239514956760104e+00;1.371767542188860877772071944491e+00;9.001197461938615917986794556782e-01;1.425770917680904414925890932864e-01;2.399553484697328892532447452979e-04;0.000000000000000000000000000000e+00;0.000000000000000000000000000000e+00;1.000000000000000000000000000000e+00;4.907394686807807920338447144060e-06
7.800000000000000000000000000000e+01;5.144128857993354037025923730653e-02;4.092176542886403339815970525706e-02;-3.599898008621123593475665813912e-03;1.571408108341743936620105159818e+00;1.371405818158337730494622519473e+00;9.001197461938615917986794556782e-01;1.425865466855466556772569219902e-01;2.401889399854014849750027948971e-04;0.000000000000000000000000000000e+00;1.000000000000000000000000000000e+00;1.000000000000000000000000000000e+00;4.914477730345050328093076119629e-06
7.900000000000000000000000000000e+01;5.152454317038894504587887013258e-02;4.094094416609279918350949856176e-02;-3.605112383005507244171372605024e-03;1.571030673493917007021991594229e+00;1.371043767859703610412225316395e+00;9.001197461938615917986794556782e-01;1.425959940483332299976382273599e-01;2.404227120255319420216028047932e-04;0.000000000000000000000000000000e+00;0.000000000000000000000000000000e+00;1.000000000000000000000000000000e+00;4.921566414648956786241553590378e-06
8.000000000000000000000000000000e+01;5.160792783714641951409163311837e-02;4.096010168940639878387699468476e-02;-3.610332979274752385201452398178e-03;1.570652962038720179549500244320e+00;1.370681391176097552175860982970e+00;9.001197461938615917986794556782e-01;1.426054338321104675291195462705e-01;2.406566645002262820086935679598e-04;0.000000000000000000000000000000e+00;1.000000000000000000000000000000e+00;1.000000000000000000000000000000e+00;4.928660725081314811538927417311e-06
8.100000000000000000000000000000e+01;5.169144271163571280336412883116e-02;4.097923791080397559749570746135e-02;-3.615559797554829864901781988351e-03;1.570274973935788631607124443690e+00;1.370318687991386674696059344569e+00;9.001197461938615917986794556782e-01;1.426148660125273748278118546295e-01;2.408907973189097946609127376405e-04;0.000000000000000000000000000000e+00;0.000000000000000000000000000000e+00;1.000000000000000000000000000000e+00;4.935760646927432468899707429522e-06
8.200000000000000000000000000000e+01;5.177508792509559476524572119160e-02;4.099835274223082720590483063461e-02;-3.620792837940937838187016595271e-03;1.569896709145307323041151903453e+00;1.369955658190162628429220603721e+00;9.001197461938615917986794556782e-01;1.426242905652213011080675642006e-01;2.411251103903313088624299487250e-04;0.000000000000000000000000000000e+00;0.000000000000000000000000000000e+00;1.000000000000000000000000000000e+00;4.942866165396077385025663114559e-06
8.300000000000000000000000000000e+01;5.185886360857225318987673290394e-02;4.101744609557932130794455360956e-02;-3.626032100497447556441965588192e-03;1.569518167628013216585713962559e+00;1.369592301657750699206417266396e+00;9.001197461938615917986794556782e-01;1.426337074658188819320514539868e-01;2.413596036225633823923270027123e-04;0.000000000000000000000000000000e+00;0.000000000000000000000000000000e+00;1.000000000000000000000000000000e+00;4.949977265619443714120880700724e-06
8.400000000000000000000000000000e+01;5.194276989291765622702712335013e-02;4.103651788268943001458666230974e-02;-3.631277585257808825092151749914e-03;1.569139349345196166041205287911e+00;1.369228618280206699608925191569e+00;9.001197461938615917986794556782e-01;1.426431166899353730759258951366e-01;2.415942769230021121892176827473e-04;0.000000000000000000000000000000e+00;0.000000000000000000000000000000e+00;1.000000000000000000000000000000e+00;4.957093932653100468881980644742e-06
8.500000000000000000000000000000e+01;5.202680690878841440749624780437e-02;4.105556801534934741049198692053e-02;-3.636529292224438981301348761122e-03;1.568760254258699582408098649466e+00;1.368864607944318967369667916500e+00;9.001197461938615917986794556782e-01;1.426525182131752333969387791512e-01;2.418291301983665651451071987310e-04;0.000000000000000000000000000000e+00;0.000000000000000000000000000000e+00;1.000000000000000000000000000000e+00;4.964216151475907664236339456032e-06
8.600000000000000000000000000000e+01;5.211097478664410143078811188388e-02;4.107459640529637079353619810718e-02;-3.641787221368676923799467815002e-03;1.568380882330922432288389245514e+00;1.368500270537617469202018583019e+00;9.001197461938615917986794556782e-01;1.426619120111322636113015960291e-01;2.420641633546988052104464994585e-04;0.000000000000000000000000000000e+00;0.000000000000000000000000000000e+00;1.000000000000000000000000000000e+00;4.971343906989994294485461084898e-06
8.700000000000000000000000000000e+01;5.219527365674579699739155103089e-02;4.109360296421755986973067820145e-02;-3.647051372630668187452274153770e-03;1.568001233524819681974804552738e+00;1.368135605948368915818491586833e+00;9.001197461938615917986794556782e-01;1.426712980593896618053406655235e-01;2.422993762973646794407073246091e-04;0.000000000000000000000000000000e+00;1.000000000000000000000000000000e+00;1.000000000000000000000000000000e+00;4.978477184020724451987086750515e-06
8.800000000000000000000000000000e+01;5.227970364915456025212137092240e-02;4.111258760375026410915921815104e-02;-3.652321745919290350151920065969e-03;1.567621307803902963584619101312e+00;1.367770614065582757135075553379e+00;9.001197461938615917986794556782e-01;1.426806763335201899689508309166e-01;2.425347689310521645880691643526e-04;0.000000000000000000000000000000e+00;0.000000000000000000000000000000e+00;1.000000000000000000000000000000e+00;4.985615967316605847596891476492e-06
8.900000000000000000000000000000e+01;5.236426489373029180551810668476e-02;4.113155023548298316882210201584e-02;-2.262378617721981803514313957848e-04;1.567241105132243461639518500306e+00;1.367405294779010738182023487752e+00;6.991435743940026537046605881187e-01;9.799653525536686227148663874686e-02;2.427703411597726410389719298166e-04;0.000000000000000000000000000000e+00;1.000000000000000000000000000000e+00;0.000000000000000000000000000000e+00;4.992760241549266093745960970463e-06
9.000000000000000000000000000000e+01;5.244895752012986023249396794199e-02;4.115049077095616486543505629925e-02;-2.254012157600798521746299218904e-04;1.566860625474470802842574812530e+00;1.367039647979155558843444850936e+00;6.991435743940026537046605881187e-01;9.799199727225685330189719479677e-02;2.430060928868604862383012710225e-04;0.000000000000000000000000000000e+00;1.000000000000000000000000000000e+00;1.000000000000000000000000000000e+00;4.999909991313434069715952029478e-06
9.100000000000000000000000000000e+01;5.253378165780578368249109644239e-02;4.116940912166267008132081173244e-02;-2.245626304772804998979851553997e-04;1.566479868795775942658110579941e+00;1.366673673557265100697577508981e+00;6.991435743940026537046605881187e-01;9.798745042365675228523969053640e-02;2.432420240149726139034652705462e-04;0.000000000000000000000000000000e+00;0.000000000000000000000000000000e+00;1.000000000000000000000000000000e+00;5.007065201126851830212578092771e-06
9.200000000000000000000000000000e+01;5.261873743600465475056537911769e-02;4.118830519904862624835928386346e-02;-2.237221047694661979834962473035e-04;1.566098835061911387356303748675e+00;1.366307371405341308800984734262e+00;6.991435743940026537046605881187e-01;9.798289469933282869185120489419e-02;2.434781344460884740243944435178e-04;0.000000000000000000000000000000e+00;0.000000000000000000000000000000e+00;1.000000000000000000000000000000e+00;5.014225855430244112179508086946e-06
9.300000000000000000000000000000e+01;5.270382498376585678201422524580e-02;4.120717891451413511516577159455e-02;-2.228796374915029913227337843296e-04;1.565717524239192304236212294200e+00;1.365940741416137527153296105098e+00;6.991435743940026537046605881187e-01;9.797833008905937335342173355457e-02;2.437144240815107847000081653377e-04;0.000000000000000000000000000000e+00;0.000000000000000000000000000000e+00;1.000000000000000000000000000000e+00;5.021391938587294617875843305566e-06
9.400000000000000000000000000000e+01;5.278904442992008588797503421119e-02;4.122603017941393888090573227601e-02;-2.220352275074953302038544000752e-04;1.565335936294497853893403771508e+00;1.365573783483165382079960181727e+00;6.991435743940026537046605881187e-01;9.797375658261880948529665147362e-02;2.439508928218643666208792497585e-04;0.000000000000000000000000000000e+00;0.000000000000000000000000000000e+00;1.000000000000000000000000000000e+00;5.028563434884578252240337065126e-06
9.500000000000000000000000000000e+01;5.287439590308740111623819757369e-02;4.124485890505830143482057792426e-02;-2.211888736908221471388902301669e-04;1.564954071195272522487584865303e+00;1.365206497500695892455269131460e+00;6.991435743940026537046605881187e-01;9.796917416980188697550602228148e-02;2.441875405670974170067866193534e-04;0.000000000000000000000000000000e+00;0.000000000000000000000000000000e+00;1.000000000000000000000000000000e+00;5.035740328531565358056130976561e-06
9.600000000000000000000000000000e+01;5.295987953167639872287253410832e-02;4.126366500271341775096800574829e-02;-2.203405749241695997693579744947e-04;1.564571928909527009921021090122e+00;1.364838883363758359479334103526e+00;6.991435743940026537046605881187e-01;9.796458284040732156228159510647e-02;2.444243672164799104085108893969e-04;0.000000000000000000000000000000e+00;0.000000000000000000000000000000e+00;1.000000000000000000000000000000e+00;5.042922603660517530898242666293e-06
9.700000000000000000000000000000e+01;5.304549544388220683188706061628e-02;4.128244838360244778341368032670e-02;-2.194903300995716471325641672152e-04;1.564189509405838673927746640402e+00;1.364470940968148360283862530196e+00;6.991435743940026537046605881187e-01;9.795998258424251647902281092684e-02;2.446613726686050352757129111581e-04;0.000000000000000000000000000000e+00;1.000000000000000000000000000000e+00;1.000000000000000000000000000000e+00;5.050110244326507100891352625149e-06
9.800000000000000000000000000000e+01;5.313124376768520173985876908773e-02;4.130120895890608545553135400041e-02;-2.186381381184406512679235801144e-04;1.563806812653353528475008715759e+00;1.364102670210425305441503951442e+00;6.991435743940026537046605881187e-01;9.795537339112310448729914469368e-02;2.448985568213887060659561534237e-04;0.000000000000000000000000000000e+00;0.000000000000000000000000000000e+00;1.000000000000000000000000000000e+00;5.057303234507356146337601898733e-06
9.900000000000000000000000000000e+01;5.321712463084965483162136479223e-02;4.131994663976330806054448885334e-02;-2.177839978916069505962549435196e-04;1.563423838621787353986292146146e+00;1.363734070987916879857948515564e+00;6.991435743940026537046605881187e-01;9.795075525087326706596968506346e-02;2.451359195720694277194351418103e-04;0.000000000000000000000000000000e+00;0.000000000000000000000000000000e+00;1.000000000000000000000000000000e+00;5.064501558103609388662279949811e-06
